content_replicate,0,0.84,1.67,2.51,3.34,4.18,5.01,5.85,6.68,7.52,8.36,9.19,10.03,10.86,11.7,12.53,13.37,14.2,15.04,15.87,16.71,17.55,18.38,19.22,20.05,20.89,21.72,22.56,23.39,24.23,25.06,25.9,26.74,27.57,28.41,29.24,30.08,30.91,31.75,32.58,33.42,34.25,35.09,35.93,36.76,37.6,38.43,39.27,40.1,40.94,41.77,42.61,43.44,44.28,45.12,45.95,46.79,47.62,48.46,49.29,50.13,50.96,51.8,52.63,53.47
pos_1,9022,9440,9505,9668,9934,10000,10493,11000,11346,11160,11381,11428,11077,11129,11612,13935,26947,43289,102980,108300,107514,106675,106596,104742,104500,102629,100191,99042,95360,94476,91748,90716,88897,86646,84401,83518,84189,81632,80939,80287,78833,79899,80007,79143,77087,77101,77892,77747,79303,77951,77848,78872,76982,77638,77577,78749,77817,78053,78148,77533,78042,77956,77607,77802,79023
SDS_1,8410,9188,9376,9804,9978,10231,10313,10542,10525,10490,10529,10651,10547,10495,10791,10530,10496,10393,10272,10241,10060,10100,10070,9998,10017,9822,9715,9794,9784,9806,9524,9735,9625,9650,9386,9563,9545,9362,9436,9549,9552,9590,9467,9578,9415,9581,9515,9486,9577,9706,9609,9567,9569,9841,9558,9665,9476,9495,9443,9365,9516,9384,9555,9406,9496
166_1,8814,9591,9929,10127,10654,10619,11161,10944,10919,10917,10736,11223,11175,10944,10918,10811,10778,10877,11108,10968,10828,10752,10639,10505,10633,10661,10488,10452,10304,10263,10313,10460,10452,10427,10126,10543,10802,10210,10349,10188,10189,10191,10200,9987,10060,9768,10153,10167,9935,9891,9946,10349,10080,10143,9823,10214,9457,9689,9657,10070,9704,10065,9735,10334,10652
197_1,7804,8685,8980,9020,9196,9195,9332,9527,9531,9297,9425,9556,9438,10682,17969,38596,90005,178389,179972,176069,169107,164283,158433,151771,150279,144887,140316,139966,135235,133340,130748,128572,127920,126520,125730,123528,125543,122510,122769,122605,122925,125173,125039,125433,122952,121149,123337,123441,124896,122730,122671,124304,122691,122875,123332,123813,122832,122957,123187,122955,123831,122127,122797,122381,124652
333_1,4492,4392,4409,4512,4685,4715,4795,4881,4938,4964,4995,5011,5085,5122,5076,5076,5219,5171,5077,5312,5156,5160,5400,5080,5352,5267,5191,5114,5176,5164,5245,5206,5126,5149,5213,5362,5235,5200,5275,5060,5184,5202,5285,5483,5195,5211,5276,5475,5227,5215,5384,5372,5313,5401,5330,5189,5155,5262,5286,5420,5331,5356,5176,5168,5442
360_1,7142,7963,8104,7911,8378,8532,8704,8586,8571,8872,19997,30976,63341,194009,217021,212999,209239,204448,200149,197485,190470,184885,182763,178490,174930,169183,162384,160426,155257,150231,148076,144074,144406,142585,138279,139374,139952,135502,138072,134416,134862,139148,137922,136842,136298,131693,136262,132801,137226,134625,134245,134958,134344,132984,134030,135321,132934,132777,132484,132312,132373,134144,134504,132348,135584
363_1,8299,9308,9564,9583,9884,9980,10111,10161,10302,10193,10273,10286,10439,10603,11093,11680,14028,18662,33144,74496,131704,129897,123988,117246,113699,108747,103599,102752,98387,95328,91711,91129,88917,88998,86534,86057,87588,85114,85739,84335,85592,85864,85451,86278,83697,82867,84364,88297,87104,87509,84140,85325,83914,84663,86866,84964,84705,85136,85300,85474,84629,86856,86324,86313,88601
376_1,8426,9073,9417,9617,10021,9863,10262,10334,10480,10460,10466,10732,10612,10868,10945,11101,10986,11087,10887,11093,11882,13580,15428,16928,18711,20268,24460,73980,119082,118781,111053,104433,100033,95511,89804,87287,84866,79516,78039,75799,73465,73339,72282,71317,69148,68291,68866,68856,69820,68191,68362,69571,68899,68375,68981,69137,68403,68135,68212,68602,68383,69622,68405,68895,70092
384_1,7995,8647,9029,9170,9321,9397,9569,9686,9578,9664,9741,9760,9783,9850,9876,9915,9963,9888,9962,9988,10127,10130,10111,9974,10450,12640,17529,25108,39716,113297,125255,118041,112923,108497,102414,98755,96448,91348,88827,86059,83866,83545,81572,80229,76579,75518,76577,89149,76038,73660,77901,75817,88113,78538,81834,74737,79143,74699,82289,72581,75545,70784,76890,73645,78168
508_1,4286,4200,4259,4127,4342,4399,4488,4496,4558,4648,4701,4779,4928,4923,5017,5036,5154,5174,5232,5240,5258,5343,5446,5566,5604,5632,5685,5644,5761,5672,5739,5740,5708,5763,5609,5747,5777,5697,5744,5671,5644,5792,5661,5645,5662,5717,5589,5579,5710,5653,5624,5636,5635,5522,5683,5574,5642,5599,5474,5527,5541,5580,5511,5428,5503
735_1,3831,3880,3885,3821,4005,3907,3994,4114,4129,4289,4249,4278,4417,4447,4484,4474,4620,4589,4656,4787,4689,4859,4944,4956,5061,5057,5194,4986,5197,5100,5301,5234,5206,5276,5322,5364,5506,5348,5290,5302,5388,5453,5376,5592,5416,5457,5480,5559,5469,5484,5749,5533,5669,5733,5616,5632,5697,5360,5469,5599,5523,5506,5551,5461,5502
431_1,9224,10172,10526,10730,11195,11246,11465,11792,11871,12042,11930,12228,11985,12001,12185,11938,11968,12050,12196,12256,12130,12263,12259,12140,12082,11741,11577,11428,11178,11066,11118,11014,11060,10833,10818,10898,10931,10790,10989,10839,10734,10944,10951,10800,10641,10584,10691,10614,10760,10492,10548,10638,10512,10834,11263,10479,10294,10674,10329,10281,10208,10022,10660,10385,10327
pos_2,8881,9333,9377,9398,9619,9884,9958,9928,10390,11391,11231,11249,11187,11299,13114,22419,78047,115494,117272,115579,114915,114996,111094,108961,108949,104883,101242,100197,96231,93903,91156,89372,86506,85058,84094,81736,82487,79800,79089,77628,78017,77819,78583,78405,76132,75416,76671,76935,78378,78480,78312,78870,78146,78235,78109,78701,78539,78428,79194,78502,79112,78614,78302,79050,80046
SDS_2,7444,7904,8275,8640,8721,8921,9312,9450,9544,9496,9477,9674,9516,9569,9616,9568,9529,9475,9317,9416,9188,9189,9140,9035,8972,9086,8964,8827,8735,8779,8645,8615,8710,8798,8892,8888,8575,8546,8540,8885,8804,8801,8678,8811,8690,8507,8509,8625,8613,8679,8504,8589,8656,8661,8421,8707,8430,8370,8278,8431,8342,8206,8153,8350,8446
166_2,8722,9736,10023,10228,10568,10649,10885,11016,10930,10889,11021,10910,10944,10909,10819,10578,10729,10596,10621,10554,10356,10294,10124,10101,10099,9966,9983,10103,9796,9911,10036,9884,9981,9838,9947,9866,10014,9937,10090,10037,9890,10113,9954,10030,10146,9956,10226,10210,9959,10412,10010,10068,10281,10099,9755,10105,9709,9956,9554,9735,9676,9503,9400,9203,9522
197_2,7861,8361,8464,8567,8765,8566,8742,9059,8983,9020,9059,9142,9146,9050,9246,9355,10965,21796,26509,59163,160569,169187,162583,153892,148986,142438,136322,133312,127730,123230,119065,116809,114219,112252,112068,108358,110502,106751,106995,110146,109466,108784,109478,112206,109344,107489,107276,108828,109896,107359,107289,111566,109792,108566,110527,109510,109963,110975,108509,110438,108751,108458,112122,108763,108813
333_2,4348,4331,4394,4386,4464,4537,4559,4698,4682,4742,4767,4834,4862,4849,4929,5052,5045,5076,5124,5051,5095,5145,5229,5084,5100,5321,5231,5206,5247,5181,5341,5169,5217,5171,5306,5228,5243,5158,5165,5163,5280,5323,5252,5309,5274,5274,5340,5218,5163,5280,5320,5325,5283,5386,5250,5396,5367,5250,5370,5322,5322,5408,5234,5339,5239
360_2,7590,8053,7991,8374,8417,8599,8869,13244,48385,120034,198144,206524,202620,202135,198630,195909,194333,190386,189414,188748,183393,179483,177342,177311,172174,169348,167501,166683,161943,159446,159156,158487,156968,154522,153791,152169,152770,149128,149962,151859,149355,149877,149520,148769,147580,144540,147260,146024,147296,146525,146696,148256,146005,146244,146103,144192,145908,145920,144621,143626,145237,144141,144097,142510,146096
363_2,9092,9658,10297,10531,10761,10698,10919,10984,10911,11017,11099,11199,11154,11218,11320,11279,11386,11337,11232,11103,11036,11285,11757,12961,17421,69748,149531,163016,158716,155678,151974,149610,147241,144977,141689,139503,140126,135527,135479,134452,134550,136216,134378,134824,132630,130532,131393,131396,133018,131440,133330,134525,135032,132916,134231,133001,132226,134030,133233,133787,132685,133930,134058,133951,135793
376_2,7940,8689,8941,9099,9300,9255,9476,9512,9592,9741,9817,9961,9847,9790,10050,10047,10106,10159,11194,12559,13851,15155,17311,18992,20934,23616,35260,111888,127416,122575,116546,110522,106801,105435,100523,97285,95960,94480,96511,91492,89046,90489,88747,90205,87722,89165,99426,88183,91456,89469,102363,91210,95336,92943,96304,94754,94251,97073,94744,101052,96872,93104,97234,97140,95264
384_2,7841,8768,9119,9337,9461,9602,9676,9781,9691,9826,9791,9820,9835,9814,9786,9760,9780,9552,9679,9749,9551,9458,9462,9456,9421,9600,9367,9582,9372,9546,12627,20629,40931,129391,138953,130377,125059,117440,112941,108977,106003,105011,102884,100337,98398,94837,96573,95193,96490,95177,94644,96137,95703,95834,95897,95727,96129,95666,97650,96644,96176,96624,97521,98948,98098
508_2,4325,4321,4324,4283,4384,4520,4559,4718,4804,4815,5044,5008,5156,5177,5321,5299,5395,5420,5527,5620,5628,5661,5716,5827,5961,5881,5906,5961,6053,5927,5993,5984,5981,5977,6003,5911,6117,5887,5928,5900,5914,5910,5895,6012,5935,5829,5880,5902,5875,5872,5987,5932,5940,5843,5878,5836,5800,5788,5767,5774,5665,5788,5763,5701,5773
735_2,3963,3825,3894,3929,4027,4128,4093,4054,4220,4417,4382,4537,4560,4623,4700,4752,4785,4825,5000,5015,5020,5106,5160,5209,5334,5393,5471,5411,5509,5383,5591,5560,5522,5545,5564,5638,5761,5656,5633,5650,5532,5608,5631,5658,5679,5589,5805,5638,5760,5868,5919,5770,5758,5702,5955,5620,5856,5643,5757,5675,5785,5565,5754,5664,5789
431_2,8664,9884,9825,10324,10460,10278,10581,10776,10829,11051,10913,11227,11221,11289,11245,11335,11377,11350,11224,11045,11141,11206,11334,11136,11160,11302,11178,11192,11027,10911,11034,10947,10787,10856,10615,10628,10796,10687,10572,10605,10893,10617,10542,10952,10624,12024,10796,11055,11126,10570,10456,10755,11271,11041,10808,11140,10267,10327,10320,10712,10951,11314,10166,11452,11404
pos_3,9291,9573,9826,10025,10279,10522,11236,11224,11143,10915,10960,11115,11268,11393,11727,11542,11576,12267,20573,86175,113161,106455,107296,105136,104926,102478,99642,99086,94085,93027,89814,88136,85018,84513,81105,79352,79340,76596,76731,76074,74870,75584,74892,73854,72852,71941,72356,72653,74609,72738,72739,73955,73038,73372,72611,72670,73848,73341,73768,73543,73150,73332,73177,73760,74140
SDS_3,4474,4401,4336,4306,4316,4244,4314,4240,4169,4228,4271,4277,4224,4181,4125,4189,4226,4240,4167,4170,4043,4129,4059,4051,4083,3959,4020,4092,3996,3952,3971,3977,3928,3905,3887,3900,3832,3874,3975,4478,5751,7659,9676,12482,15233,18586,22799,26649,31510,33523,39306,46917,48786,51527,52747,57404,56016,57604,56773,59527,61241,59365,59155,57716,64551
166_3,8531,8992,9513,9619,9836,9806,9992,9970,10421,10245,10233,10125,10123,9947,10260,9929,10070,9824,10089,9976,10085,9963,9921,9908,9990,9873,9707,9799,9479,9417,9417,9425,9439,9344,9646,9389,9322,9240,9392,9509,9542,9403,9527,9897,9832,9388,9493,9320,10193,9439,9330,9900,9974,9656,9285,9615,9442,9553,9023,9304,9484,8990,9726,9185,10380
197_3,7839,8344,8677,8613,8715,8685,8816,8964,8954,8966,9050,9126,17295,28279,92619,154998,170028,165248,160382,156688,152605,146208,143982,138512,133795,132811,129138,127631,123767,118801,120888,118919,120520,118446,115004,115712,125409,122959,120020,117439,113918,124840,117136,117727,114263,118036,122309,120473,117474,119182,116358,121587,113596,124235,121514,118140,118699,115655,116704,121776,124339,112907,116023,113098,124436
333_3,4306,4263,4367,4363,4536,4622,4676,4738,4782,4843,4889,4990,4996,4955,5020,5216,5207,5169,5385,5308,5290,5282,5429,5260,5381,5600,5312,5342,5347,5382,5411,5286,5376,5384,5336,5451,5517,5612,5387,5442,5483,5510,5606,5701,5673,5507,5840,5540,5549,5724,5646,5629,5641,5674,5591,5723,5586,5580,6015,5685,5665,5729,5493,5670,5687
360_3,7201,7527,7883,8052,8291,8141,8291,8415,9049,38899,72695,157875,181311,181134,178201,174562,172214,169773,167557,164637,161154,159260,152900,152932,149260,144977,141888,139657,136136,133259,131196,132628,127908,127314,124716,126266,125180,121895,121031,125152,120029,126486,128591,125493,121955,121978,122730,123250,127815,123772,120701,117247,116613,120208,118014,118080,122656,114744,117409,117627,124136,114811,120766,115607,120574
363_3,8811,9391,10134,10235,10198,10252,10221,10398,10515,10714,10456,10379,10556,10721,10715,10411,10526,10575,10928,11257,11661,15626,31013,103859,165053,163060,153949,149355,142355,138541,134234,132735,127832,127062,122088,119945,119986,115603,116349,116017,114565,117172,118234,115570,115403,114897,118011,117581,115936,118538,116431,115415,117182,114141,116407,116448,115100,112725,113978,116430,117011,117876,115472,115917,115516
376_3,7712,8522,8767,8931,9160,9277,9340,9399,9546,9545,9687,9775,9764,9729,9761,9892,9804,9914,10045,10065,10295,11089,13040,15122,16647,18242,19801,24080,105604,115416,105347,100037,92273,87757,82543,79405,76348,72090,69624,67493,65720,64940,63743,62485,61385,60836,60741,59591,61436,59724,59239,62045,60724,59319,59154,61816,60930,58900,59587,60554,60588,60431,60614,60768,62259
384_3,8201,8802,9196,9327,9461,9499,9573,9645,9741,9849,9624,9767,9732,10281,13150,18615,31370,95226,159726,157749,151373,140890,135451,127735,122141,118128,111899,109648,104643,101151,98471,95918,92116,90941,89943,87571,88186,84580,84748,85021,84912,86083,86043,86490,84489,83395,84570,84983,86677,85200,85019,87192,85731,85496,86243,87130,85643,85497,87107,87074,88034,87018,87246,88571,89793
508_3,4209,4174,4234,4216,4360,4303,4447,4490,4641,4685,4757,4806,5000,4980,5087,5037,5172,5173,5351,5272,5455,5516,5514,5625,5648,5590,5680,5701,5735,5723,5761,5749,5751,5761,5795,5764,5699,5804,5651,5717,5745,5791,5808,5776,5693,5638,5741,5662,5716,5780,5775,5737,5786,5790,5768,5687,5721,5482,5653,5635,5571,5530,5529,5531,5580
735_3,3854,3822,3833,3863,3912,3901,3874,3838,3927,3904,3970,3963,4058,4055,4060,4057,4107,4068,4116,4098,4100,4124,4124,4180,4261,4232,4223,4265,4126,4205,4221,4276,4249,4217,4464,4353,4428,4429,4356,4377,4420,4388,4463,4479,4472,4542,4549,4661,4573,4579,4840,4764,4769,4766,5068,4761,4995,4699,5006,4796,5010,4976,5217,5007,5041
431_3,7577,8066,8305,8682,9059,9451,9652,9811,9748,9775,9713,9961,9776,9863,10012,9933,9727,9830,9932,9753,10031,9819,9973,9791,9991,9983,9812,9886,9731,9765,9603,9844,9608,9646,9646,9596,9478,9350,9347,9278,9440,9384,9269,9315,9306,9152,9138,9008,9024,9021,8927,8975,8787,8863,8825,8845,8826,8919,8862,8874,8837,8837,9010,8949,8916
pos_4,9262,9947,10402,10433,10594,10970,10957,11127,11109,11256,11245,11295,11400,11206,11555,11958,41093,115608,147326,147482,148232,147104,147232,145022,143652,141667,139068,139231,134812,133779,131336,130420,129861,129759,128378,128621,130370,126936,127160,127218,129651,129869,128615,130115,126896,126407,129040,129303,132841,130149,129919,130609,130570,130645,131041,131016,129225,129772,129325,126267,126047,127747,126597,129083,130057
SDS_4,8022,8257,8621,8964,9089,9366,9510,9721,9672,9742,9895,10027,10038,9974,10188,10021,10118,10102,9932,9881,9879,9812,9817,9833,9714,9747,9567,9684,9395,9353,9185,9101,8927,8981,9050,8678,8842,8627,8959,8801,8761,8632,8664,8698,8726,8809,9063,8751,8716,8836,8785,8485,9025,8854,8670,8968,8508,8544,8650,8860,8320,8439,8236,8339,8643
166_4,8313,8873,8822,8846,9006,9143,9267,9480,9719,9743,9867,9754,9796,9784,9795,9821,9641,9682,9534,9658,9772,9737,9718,9556,9649,9452,9266,9563,9310,9189,9371,9114,9036,9208,9154,9045,9145,9040,9180,9127,9082,9026,9039,9155,9282,9105,9253,9176,9123,8996,9024,8890,9061,8830,8711,8830,8588,8667,8503,8822,8896,8803,8494,8671,9157
197_4,7754,8246,8591,8809,8849,8861,8787,8921,8975,9024,9154,8954,8993,9041,9196,9247,10893,14989,40850,117281,158418,163724,156347,148855,143808,137211,130874,129705,121333,119362,113514,112151,109715,107338,105475,105240,106282,102710,102350,103720,104580,106766,104622,105432,102444,101628,105763,103458,106755,103133,104233,105261,108328,106173,104571,105300,107250,102790,110007,105982,106050,106720,107913,108117,111795
333_4,4366,4340,4425,4467,4567,4600,4612,4609,4669,4646,4540,4538,4677,4480,4676,4552,4552,4548,4538,4619,4534,4390,4516,4477,4422,4369,4414,4467,4411,4417,4345,4366,4283,4253,4298,4217,4322,4353,4272,4266,4285,4202,4352,4167,4297,4109,4194,4208,4193,4181,4206,4211,4203,4078,4266,4063,4258,4180,4274,4363,3932,4005,3943,3888,4085
360_4,7421,7742,7970,8024,8085,8393,8556,9277,31255,95881,182937,183227,177397,172951,169470,163697,160384,155021,152506,146922,141458,137653,134820,131911,129442,128517,137405,126628,126751,133088,127243,128790,133278,129582,138154,138330,134550,132344,135959,136731,139615,139880,140489,143178,145882,142403,150237,145864,149736,150949,147514,154347,148570,155031,155946,150206,156634,149317,149393,154811,155886,151388,150296,152620,153268
363_4,8683,9652,10196,10386,10466,10505,10768,10811,11018,11020,11022,11025,10918,10897,11071,10962,10875,10714,10870,10723,10713,10658,10668,10698,10648,10594,10396,10246,10274,10029,10084,10006,9932,9893,9847,9954,9974,9801,10107,10922,13174,48711,118991,116805,111224,107834,104340,103357,101434,99647,99964,97785,99164,95978,97704,94140,96613,93867,99416,95033,99575,98626,95387,99004,97665
376_4,7817,8666,8633,8950,9089,8973,9203,9385,9375,9619,9604,9545,9766,10467,13794,16325,20138,22796,26809,37699,161028,186349,178815,169859,165120,159123,149928,144954,137065,131836,126772,122874,118182,114843,111746,108172,106732,103177,102118,100867,100471,101188,100249,99814,98449,97386,99538,99596,99596,99303,99088,100549,100934,98979,99487,100313,99923,99466,100921,100113,100130,100683,101186,101158,102899
384_4,8074,8872,9091,9277,9541,9416,9582,9653,9589,9643,9647,9698,9641,9751,9670,9554,9575,9687,9502,9516,10032,13358,17533,32115,109818,150424,146128,144306,137804,134817,128292,125634,122147,117608,117257,114504,121069,114928,110925,111437,108922,111050,113010,107748,109366,106335,106430,110351,110962,110919,110224,110542,112515,109025,108680,110320,114713,111269,108592,112032,109273,108471,110246,109276,112603
508_4,4176,4083,4094,4097,4097,4185,4236,4295,4357,4385,4431,4544,4501,4583,4698,4704,4758,4823,4890,4882,4930,5047,5106,5204,5263,5311,5256,5322,5379,5316,5308,5427,5429,5314,5339,5250,5363,5299,5231,5277,5230,5260,5352,5247,5260,5252,5244,5166,5285,5346,5249,5260,5243,5267,5197,5155,5214,5127,5138,5054,5173,5150,5101,5153,5151
735_4,3840,3851,3877,3863,3951,4005,4169,4203,4280,4357,4429,4425,4623,4691,4742,4800,4946,4882,5099,5158,5267,5281,5415,5512,5549,5669,5612,5800,5984,5735,6135,5802,6053,5874,6135,6179,6367,6304,6045,5940,6029,6163,6206,6307,6184,6237,6501,6183,6214,6628,6569,6262,6177,6385,6330,6382,6631,6195,6103,6269,6175,6158,6264,6109,6440
431_4,8432,9556,9711,9921,10259,10249,10535,10492,10647,10690,10628,10817,10848,10883,11056,11007,10958,11100,11106,10906,11078,10983,11050,10948,11042,10865,10768,10886,11066,11179,11523,11272,10886,10756,10464,10654,10832,10692,10570,10572,10828,10567,10694,10404,10552,10488,10465,10811,10750,10384,10672,10591,10940,10739,10701,10314,10692,10096,10321,10444,10146,10183,10572,10318,10500
neg_1,8795,8994,9134,9371,9613,9693,10251,10224,10191,10044,9985,9900,9992,10088,10362,10471,10644,10602,10699,10799,10906,10709,10705,10524,11160,11071,11156,11143,10940,10961,10643,10456,10783,10362,9999,10024,10465,10600,10462,10728,10628,10634,11172,10798,10817,10142,11653,10975,10325,10572,10272,10836,11293,10953,10024,10536,10052,9882,9869,10191,9897,10215,9603,10111,10033
blank_1,4572,4490,4479,4387,4463,4456,4418,4389,4496,4373,4370,4389,4360,4315,4369,4267,4338,4240,4220,4273,4235,4143,4162,4197,4154,4219,4159,4120,4121,4118,3986,4005,3983,3999,3994,3994,4037,3941,3892,3937,3980,3941,3944,3928,3961,3832,3875,3878,3882,3870,3800,3794,3784,3775,3806,3766,3830,3729,3816,3767,3728,3679,3652,3712,3768
 67_1,3925,3849,3781,3797,3900,3944,3812,3868,3989,3867,3912,4001,3950,3909,4017,4009,3989,4062,4117,4055,4036,4104,4161,4142,4089,4152,4181,4193,4164,4167,4215,4225,4149,4169,4153,4267,4237,4208,4231,4220,4107,4214,4267,4222,4202,4238,4236,4245,4217,4258,4356,4262,4309,4302,4365,4247,4353,4316,4315,4302,4355,4268,4357,4263,4284
193_1,4748,4724,5152,4757,4691,4960,4959,4818,5004,4891,4981,5011,5052,4964,4963,4883,4915,4928,4924,5093,5089,5188,5246,5383,5199,5271,4931,5034,5469,5000,5324,5112,4934,4884,4949,5212,4949,4967,5032,4876,4905,4908,4869,4916,4912,4836,4897,4839,4841,4770,4752,4805,4898,4797,4743,4736,4791,4789,4712,4722,4719,4678,4708,4681,4778
219_1,5902,5776,5906,5861,5974,6032,6070,6179,6156,6100,6134,6153,6088,6151,6156,6001,6098,5956,5969,6014,6073,5956,5986,5972,5964,5907,5963,5997,5973,5859,5768,5777,5777,5837,5838,5806,5856,5788,5809,5788,5821,5773,5745,5759,5810,5815,5808,5802,5854,5761,5773,5749,5735,5671,5642,5689,5713,5672,5683,5669,5598,5641,5527,5562,5565
230_1,4533,4484,4542,4583,4614,4662,4738,4792,4831,4874,4933,4936,4930,4831,5030,5014,5052,5030,5005,5057,5108,5118,5209,5223,5262,5333,5308,5138,5159,5339,5175,5118,5185,5147,5221,5160,5163,5050,5218,5133,5212,5102,5142,5056,5178,5071,5136,5130,5076,5058,5084,5108,5106,5064,5084,5016,4993,4993,4989,4999,4896,4899,4942,4961,4879
283_1,4856,4824,4915,4878,4847,4947,4994,5102,4998,5176,5260,5171,5232,5256,5297,5183,5252,5310,5242,5262,5239,5225,5278,5226,5320,5143,5116,5175,5100,5174,5158,5039,5112,5120,5061,5034,5069,4961,5056,5033,5027,4962,5039,4909,4999,4970,5025,5059,4972,5032,4952,5008,4865,4846,4912,4887,4833,4827,4857,4896,4816,4748,4814,4668,4796
346_1,8506,9642,9762,9982,10282,10365,10680,10629,10786,10718,10830,10767,10648,10619,10756,10775,10865,10536,10565,10504,10267,10212,10396,10417,10364,10086,9926,9929,9815,10226,9925,9837,9876,9560,9445,9665,9845,9629,9553,9443,9460,9475,9471,9396,9240,9263,9120,9360,9220,9274,9342,9507,9442,9444,9527,9449,9463,9418,9290,9094,9261,9098,9155,9255,9165
380_1,7189,7785,7901,8125,8205,8265,8176,8344,8340,8443,8298,8384,8139,8182,8271,8299,8190,8173,8228,8187,8115,8084,8127,8131,8039,8118,8122,8062,8082,8154,7962,8201,8180,7960,7981,7959,8161,7959,8503,8642,8393,8063,8101,8401,8009,8104,8041,8061,8214,8444,8206,8149,8144,8091,8129,8141,8302,8432,8373,8065,8341,7960,8302,8185,8086
394_1,6149,6283,6257,6405,6644,6689,6816,6828,6940,7835,7663,7341,7549,8643,7254,7387,7522,7244,8616,7268,8743,7305,7460,7302,7354,8375,7434,8948,8282,8960,11203,11655,11004,11764,13251,12466,14054,13150,14377,13320,13409,13589,13856,14194,19507,54096,193156,235075,241416,234465,228725,225652,220085,215022,211486,205572,201864,198498,196835,189369,185728,182626,179890,177512,176065
411_1,4428,4460,4494,4516,4733,4851,4996,5086,5310,5512,5432,5525,5588,5715,5738,5871,5881,5900,6002,6042,6047,6170,6158,6294,6297,6512,6383,6367,6420,6456,6271,6451,6289,6352,6267,6312,6470,6201,6393,6357,6308,6271,6270,6294,6330,6212,6169,6249,6184,6223,6178,6241,6277,6284,6100,6199,6194,6121,6118,6211,6004,5976,5957,6027,6047
415_1,3655,3634,3684,3660,3719,3693,3740,3749,3664,3859,3727,3736,3780,3809,3799,3707,3778,3844,3943,3880,3937,3856,3974,3958,4017,3987,3911,4017,3973,4046,3998,4065,4002,4018,4040,4102,4091,4072,4159,4058,4086,4158,4189,4172,4181,4150,4185,4185,4220,4255,4299,4256,4237,4331,4344,4316,4318,4347,4352,4320,4353,4350,4349,4344,4283
neg_2,8452,8755,8800,8967,8938,9071,8960,9023,9033,9045,9131,9101,9303,9280,9545,9526,9360,9443,9267,9205,9276,9136,9193,9336,9077,9029,9151,9201,8988,9032,9182,9151,9239,9339,9601,9358,9643,9237,9304,9480,9417,9322,9422,9461,9430,9398,9448,9282,9440,9447,9363,9289,9478,9389,9226,9351,9110,9170,8990,9167,8961,9000,9000,8916,9037
blank_2,4707,4530,4540,4487,4502,4513,4460,4410,4522,4501,4450,4446,4291,4397,4393,4396,4347,4288,4304,4338,4351,4259,4237,4164,4179,4221,4209,4093,4164,4092,4021,4121,4134,4032,4015,3979,4048,4046,4065,3964,3995,3990,3953,3966,3977,3895,3955,3987,3900,3944,3904,4450,5428,7066,9381,11111,12182,14047,15406,17323,17802,18481,19926,22075,25488
 67_2,3869,3710,3787,3638,3740,3780,3748,3706,3774,3742,3734,3786,3701,3750,3807,3695,3646,3740,3804,3727,3783,3683,3780,3824,3859,3808,3742,3685,3789,3748,3764,3727,3731,3792,3728,3782,3816,3804,3820,3774,3832,3773,3833,3753,3811,3792,3800,3895,3765,3889,3894,3872,3794,3859,3822,3883,3889,3849,3862,3816,3835,3812,3789,3859,3873
193_2,4851,4715,4908,4765,4889,4791,4930,4963,5000,4994,5027,5058,5112,5130,5214,5159,5158,5218,5185,5303,5290,5277,5393,5325,5298,5274,5286,5368,5299,5415,5423,5463,5549,5553,5570,5610,5525,5511,5524,5631,5493,5459,5545,5529,5548,5448,5694,5471,5521,5524,5556,5535,5507,5427,5346,5581,5356,5440,5371,5350,5319,5340,5292,5345,5324
219_2,5973,5979,6134,6027,6026,6224,6227,6110,6220,6201,6170,6190,6126,6088,6084,6076,6077,6038,5975,5935,5984,5995,5857,5881,5921,5902,5815,5872,5798,5762,5763,5724,5778,5727,5768,5645,5837,5696,5719,5685,5763,5662,5634,5727,5688,5677,5610,5563,5627,5768,5750,5674,5689,5661,5640,5694,5752,5847,5783,5755,5940,6017,6123,6331,6300
230_2,4513,4389,4436,4445,4567,4647,4748,4768,4821,4709,4716,4862,4954,4843,4926,4975,4984,5035,5002,4952,5026,5018,5122,5068,5083,5105,5050,5193,5240,5139,5228,5209,5205,5184,5210,5242,5140,5149,5117,5172,5206,5181,5124,5048,5143,5186,5060,5114,5044,5036,5060,5126,5055,5095,5047,4988,5043,4979,4968,4915,4971,4955,4965,4988,4932
283_2,4807,4823,4863,4842,4862,4936,4955,4968,5080,4980,5108,4972,5104,5090,5129,5024,5065,5055,5060,5073,5042,5009,5010,4949,4966,5012,4933,4886,4878,4837,4905,4961,4905,4823,4898,4860,4827,4871,4935,4899,4830,4752,4784,4765,4824,4843,4813,4786,4837,4836,4831,4761,4731,4807,4710,4630,4691,4612,4670,4641,4660,4664,4625,4703,4698
346_2,8621,9576,9930,10014,10350,10352,10532,10618,10827,10768,10785,10730,10654,10710,11028,10782,10824,10781,10646,10690,10737,10692,10615,10532,10468,10337,10139,10305,10100,10026,9963,9852,9848,9833,9913,9676,9759,9473,9720,9572,9590,9488,9811,9648,9637,9622,9458,9641,9746,9527,9522,9553,9475,9475,9202,9264,9182,9197,8942,8967,9012,8998,8928,8919,9216
380_2,6962,7250,7431,7440,7483,7644,7661,7721,7827,7720,7697,7680,7657,7552,7722,7776,7666,7609,7611,7565,7575,7635,7575,7630,7678,7520,7545,7599,7423,7449,7488,7548,7382,7414,7548,7484,7456,7504,7522,7562,7604,7485,7593,7481,7570,7435,7556,7596,7549,7612,7567,7529,7593,7728,7432,7544,7448,7386,7518,7416,7470,7403,7320,7369,7542
394_2,6072,6075,6234,6388,6383,6675,6833,6737,6631,6744,6742,6778,6774,6841,6839,6811,6918,6707,6879,6862,6773,6830,6800,6748,6802,6888,6729,6728,6683,6745,6731,6707,6705,6586,6758,6724,6799,6757,6695,6678,6726,6721,6693,6785,6666,6869,6892,7161,7597,8391,8797,9477,9823,10175,10434,10922,10888,11140,11420,11554,11785,11700,11844,11828,12276
411_2,4360,4395,4421,4512,4621,4808,4872,4963,4935,5173,5248,5337,5495,5438,5475,5608,5741,5663,5893,5843,5876,5907,5963,6001,6158,6320,6094,6129,6136,6205,6252,6319,6272,6191,6318,6308,6357,6217,6205,6128,6270,6171,6219,6200,6306,6171,6267,6047,6121,6344,6186,6151,6184,6171,6082,6063,6114,6053,5988,5958,5886,5909,5886,5884,5869
415_2,3623,3698,3669,3693,3638,3683,3766,3698,3755,3745,3807,3718,3778,3898,3875,3840,3903,3889,3955,3989,3896,4076,4030,3999,4102,4131,4072,4120,4060,4161,4194,4130,4221,4208,4140,4139,4234,4270,4380,4282,4387,4361,4440,4388,4254,4329,4288,4274,4388,4404,4442,4456,4393,4479,4482,4470,4444,4482,4526,4531,4588,4493,4497,4507,4604
neg_3,8942,9222,9417,9659,10044,9944,10203,10142,10228,10127,10237,10310,10556,10747,10907,10758,10837,10601,10699,10736,10701,10584,10432,10738,10636,10814,10420,10291,10286,10598,10292,10176,10155,9908,10179,10293,10378,10444,10293,10335,10018,10151,10562,10335,10015,10325,10744,10538,10540,10410,10330,10383,10149,10693,10083,10118,9946,10557,9808,10362,9501,10064,9501,9525,10109
blank_3,4650,4585,4558,4490,4510,4513,4523,4445,4436,4470,4404,4356,4380,4394,4365,4347,4440,4320,4345,4312,4316,4339,4317,4391,4263,4166,4193,4189,4092,4217,4404,4943,6327,7649,9104,10882,13635,14752,16736,19062,20927,24514,25792,27497,28675,30032,32305,34812,37092,36814,37850,41379,38786,39647,39722,41566,41065,40322,41065,43377,44605,45473,45392,43177,44183
 67_3,3862,3788,3821,3817,3787,3742,3751,3752,3731,3699,3768,3723,3724,3767,3801,3789,3710,3732,3769,3672,3766,3707,3738,3728,3776,3782,3757,3698,3765,3713,3644,3735,3733,3759,3748,3756,3752,3780,3812,3770,3744,3747,3744,3760,3802,3781,3806,3803,3679,3763,3842,3873,3734,3734,3828,3936,3767,3809,3784,3785,3800,3735,3708,3715,3838
193_3,4750,4687,4781,4784,4724,4850,4916,4971,4924,5001,5200,5020,5130,5002,5020,5117,5021,5303,5071,5124,5073,5338,5131,5280,5214,5172,5195,5248,5379,5323,5314,5431,5426,5432,5435,5384,5376,5456,5477,5404,5422,5513,5393,5351,5444,5374,5409,5334,5384,5344,5444,5276,5371,5280,5224,5244,5298,5268,5280,5179,5342,5213,5349,5217,5237
219_3,5869,5827,5854,5935,5918,6044,6092,6101,6141,6029,6204,6094,6080,6120,6110,6024,5974,6065,5866,5949,6054,5965,5985,5967,5836,5849,5928,5885,5829,5726,5654,5756,5799,5723,5784,5615,5702,5762,5785,5694,5673,5682,5792,5576,5607,5736,5647,5681,5672,5600,5619,5594,5606,5516,5551,5515,5607,5538,5574,5426,5538,5441,5436,5512,5422
230_3,4466,4430,4503,4481,4457,4670,4587,4670,4719,4769,4826,4877,4937,4847,4966,4971,4886,4972,4919,4932,4986,4996,5136,5038,5027,5022,5093,5129,5157,5209,5207,5237,5137,5204,5144,5287,5235,5209,5176,5226,5269,5185,5156,5203,5117,5175,5213,5225,5205,5160,5140,5161,5140,5087,5187,5065,5075,5087,5060,4987,4964,5035,4948,5033,5063
283_3,4749,4681,4780,4701,4732,4777,4868,4844,4975,4980,4977,4890,4964,4894,5089,5001,4927,4875,4935,4889,4922,4987,4916,4966,4924,4954,4888,4956,4868,4767,4874,4817,4821,4783,4778,4791,4813,4778,4757,4755,4760,4781,4765,4716,4673,4732,4723,4750,4764,4770,4794,4632,4578,4631,4640,4640,4580,4569,4524,4633,4590,4514,4533,4470,4574
346_3,8660,10048,10165,10561,10944,10905,11248,11375,11260,11397,11388,11274,11388,11298,11612,11229,11313,11276,11181,11254,11227,11236,11183,11003,11016,11071,10848,10680,10569,10482,10598,10315,10483,10359,10161,10004,10215,10091,10242,9995,10009,9943,10099,9950,9828,9665,9805,9674,9839,9714,9769,9787,9654,9552,9502,9408,9414,9637,9469,9205,9304,9275,9189,9195,9326
380_3,6803,7066,7025,6979,7097,7283,7323,7289,7302,7156,7234,7268,7200,7369,7216,7425,7188,7269,7322,7161,7262,7112,7456,7046,7258,7257,7053,6975,7029,7021,7073,7110,7187,7224,7202,6958,7135,6997,7074,7141,7041,7174,7105,7139,7066,6968,7227,7014,7118,7239,7089,7053,7014,7125,7113,6890,7076,7026,7020,6922,6988,7063,6856,6853,7059
394_3,4977,4926,4930,4869,4852,4834,4846,4842,4840,4810,4705,4856,4691,4798,4698,4683,4670,4754,4678,4699,4617,4572,4552,4558,4566,4541,4428,4407,4397,4398,4419,4397,4292,4284,4307,4378,4412,4412,4326,4421,4395,4366,4389,4307,4332,4403,4394,4377,4292,4476,4410,4312,4382,4406,4413,4400,4409,4374,4358,4366,4325,4339,4310,4344,4356
411_3,4296,4302,4352,4380,4528,4535,4676,4670,4820,4994,5063,5137,5279,5407,5375,5440,5523,5557,5679,5774,5736,5870,5882,6093,6031,6001,6064,6248,6201,6220,6124,6030,6081,6163,6031,6094,6194,6049,6112,6052,6100,6122,6025,5966,6165,6097,6075,5980,5977,6160,5984,6051,6103,5967,5996,5889,5904,5875,5935,5888,5787,5847,5876,5835,5805
415_3,3598,3682,3669,3693,3699,3765,3744,3820,3921,3929,4000,4000,4021,4103,4125,4281,4333,4266,4401,4346,4463,4527,4586,4652,4596,4670,4678,4784,4715,4834,4867,4866,4942,4820,4793,4999,5036,4913,4889,4967,5039,5079,5066,5175,5082,5028,5130,5145,5086,5203,5126,5120,5208,5070,5114,5119,5033,5111,5044,5019,5045,4965,4937,4959,5032
neg_4,9142,9739,9890,10164,10552,10726,10916,10945,11236,11411,11447,11534,11717,11581,11622,11500,11508,11460,11453,11537,11605,11568,11685,11692,11475,11433,11525,11346,11291,11166,11248,11192,10871,11135,11071,10919,11160,10861,10994,11179,11046,11070,11163,11054,10959,10943,11138,10989,11194,11057,11113,11035,10656,10701,10563,10754,10406,10597,10491,10773,10550,10478,10380,10418,10297
blank_4,4435,4400,4402,4352,4354,4354,4421,4214,4329,4302,4259,4260,4321,4219,4232,4202,4280,4161,4145,4183,4174,4163,4138,4185,4089,4088,4036,4016,4034,3991,4027,3961,3880,3901,3909,3926,3908,3918,3851,3842,3842,3823,3919,3876,3803,3796,3804,3812,3764,3764,3800,3842,3787,3754,3765,3796,3751,3718,3646,3690,3703,3654,3640,3625,3704
 67_4,3861,3784,3810,3871,3804,3923,3912,3880,3768,3786,3835,3780,3892,3849,3885,3860,3846,3908,3932,3898,3932,3863,3938,3939,3884,3879,3936,3918,3847,3926,3936,3940,3899,3880,3938,3983,3900,3856,3919,3908,3972,3958,3957,3953,3880,3888,3846,3896,3962,3887,3932,3948,3903,3882,3954,3901,3933,3938,3922,3895,3825,3952,3996,3837,3957
193_4,4936,4969,4971,5011,5078,5107,5283,5182,5320,5403,5378,5360,5460,5545,5548,5575,5706,5693,5824,5841,5868,5781,5819,5934,5771,5875,5951,5961,5909,5933,6004,5915,5902,6066,6084,6009,5999,6118,6075,6029,6131,6120,6102,5985,6081,6061,6193,6176,6048,6198,6207,6270,6217,6268,6222,6273,6258,6155,6098,6160,6202,6070,6182,6165,6201
219_4,6072,5979,6152,6205,6208,6211,6434,6359,6417,6387,6426,6541,6448,6564,6576,6494,6568,6646,6621,6598,6542,6500,6582,6611,6605,6521,6425,6376,6476,6461,6354,6466,6456,6530,6477,6405,6392,6447,6494,6518,6537,6457,6442,6422,6374,6337,6369,6421,6532,6464,6497,6519,6433,6599,6613,6716,6621,6888,6778,7105,7314,7400,7577,9957,19009
230_4,4603,4471,4479,4530,4525,4630,4689,4742,4832,4905,4880,4972,4972,4966,5068,5033,5106,5112,5132,5208,5184,5306,5504,5427,5350,5378,5378,5470,5516,5440,5471,5537,5426,5475,5625,5479,5642,5715,5664,5711,5805,5844,5825,5894,5906,5796,5858,5878,5851,5853,5913,5794,5881,5797,5789,5731,5795,5721,5689,5647,5810,5689,5676,5668,5681
283_4,4874,4889,4840,4844,4930,4917,4908,4935,5027,5111,5148,5218,5135,5174,5178,5142,5172,5212,5158,5156,5214,5237,5271,5208,5216,5254,5110,5246,5164,5156,5094,5076,5035,5149,4997,4943,5062,5061,5092,5152,5037,5034,5062,5089,5083,5124,5067,5120,5155,5123,5148,5082,5115,5157,5082,5008,5010,4966,5050,4942,4939,4960,4938,4988,4972
346_4,9067,10322,10641,11168,11425,11449,11710,11808,11936,11912,12267,12386,12378,12320,12282,12557,12319,12268,12272,12300,12130,12019,12157,11930,11935,11851,11758,11513,11447,11419,11451,11301,11188,11097,11083,11170,11092,11033,10964,10840,10540,10744,10563,10794,10491,10609,10466,10540,10528,10660,10602,10642,10255,10110,10138,10206,10095,10024,10277,10115,10183,10267,10153,10114,10348
380_4,7291,7590,7796,7978,7841,8104,8078,8183,8046,8065,8152,8148,8213,8192,8284,8234,8233,8168,8190,8222,8197,8176,8236,8170,8176,8247,8178,8253,8142,8073,8239,8200,8175,8206,8251,8185,8323,8071,8052,8096,8068,8129,8090,8231,8080,8181,8108,8176,8136,8223,8224,8282,8268,8150,8138,8110,8048,8091,8142,8116,7955,8154,8040,8029,8171
394_4,5531,5369,5562,5817,5977,5886,5916,6003,5975,6055,6054,6153,6134,6132,6234,6145,6188,6282,6208,6163,6146,6198,6192,6316,6242,6297,6159,6221,6282,6136,6293,6161,6240,6143,6218,6109,6229,6189,6041,6121,6048,6165,6231,6100,6110,6235,6229,6150,6086,6170,6153,6160,6267,6218,6105,6168,6188,6109,6083,6112,6205,6340,6218,6399,6700
411_4,4199,4111,4152,4244,4240,4271,4324,4290,4431,4477,4498,4573,4632,4556,4659,4692,4790,4874,4854,4928,4902,5009,5148,5090,5202,5212,5276,5246,5331,5409,5445,5532,5403,5359,5368,5423,5417,5403,5421,5408,5402,5448,5468,5422,5345,5350,5396,5424,5428,5528,5396,5358,5408,5362,5331,5327,5327,5319,5315,5259,5309,5340,5194,5202,5205
415_4,3612,3568,3660,3627,3519,3628,3668,3674,3640,3585,3654,3618,3716,3672,3650,3656,3696,3760,3741,3685,3684,3676,3733,3837,3767,3764,3712,3824,3768,3834,3783,3746,3784,3827,3808,3843,3834,3898,3838,3822,3913,3995,3948,3889,3923,3859,3976,3923,3949,4016,3941,4039,3976,4048,4074,4006,4002,4060,4075,4081,4115,4052,4134,4005,4148
735_11,5274,5159,5080,5034,5099,5040,5055,5042,5058,5049,5089,5179,5107,5056,5170,5185,5114,5223,5155,5131,5144,5131,5100,5219,5188,5176,5119,5119,5114,5119,5205,5127,5172,5167,5154,5206,5222,5204,5136,5212,5213,5189,5229,5176,5242,5135,5202,5117,5238,5211,5142,5179,5051,5133,5127,5165,5184,5100,5159,5156,5193,5129,5209,5159,5127
508_11,5414,5273,5205,5280,5324,5252,5346,5297,5254,5338,5295,5291,5338,5342,5279,5404,5310,5385,5382,5322,5408,5361,5458,5417,5406,5317,5466,5389,5332,5349,5386,5395,5376,5370,5404,5354,5428,5308,5486,5376,5385,5448,5415,5379,5391,5467,5346,5354,5376,5315,5346,5447,5364,5348,5340,5379,5361,5297,5416,5390,5363,5445,5306,5332,5347
333_11,5840,5817,5872,5829,5864,5944,5940,5988,6012,6061,6072,5933,6015,6114,6117,6090,6093,6087,6057,6053,6113,6226,7086,9433,12786,38758,103164,187827,247182,259987,259838,259687,259048,259989,259839,259268,259125,258160,256455,256268,255716,255738,255142,255085,255760,254285,254493,253725,254357,253904,253571,252900,253116,253269,253148,253146,253612,253683,253069,253045,253526,252689,253757,255012,254324
514_1,5529,5371,5341,5319,5399,5402,5445,5499,5559,5501,5565,5615,5537,5546,5614,5499,5520,5583,5530,5560,5581,5553,5591,5560,5537,5448,5490,5509,5507,5613,5671,5611,5709,5612,5657,5713,5691,5637,5704,5794,5699,5688,5742,5724,5733,5640,5757,5685,5663,5726,5766,5670,5660,5729,5721,5592,5613,5682,5580,5634,5702,5664,5715,5631,5642
431_11,9307,9857,10167,10389,10540,10568,10438,10364,10545,10504,10339,10297,10333,10179,10333,10102,10114,10058,9952,9870,9860,9752,9719,9877,9733,9868,9706,9766,9750,9659,9614,9610,9636,9657,9583,9672,9550,9566,9556,9520,9550,9530,9555,9816,9535,9508,9496,9465,9553,9375,9612,9449,9325,9472,9348,9334,9319,9207,9313,9246,9220,9339,9240,9228,9121
394_11,6686,6660,6697,6699,6871,6890,6986,7027,7028,7119,7087,7013,7037,7041,7043,6998,6998,7173,7120,7105,6961,7135,7161,7079,7094,7009,7065,7075,7030,7041,7112,7094,7095,7123,7223,7346,7548,7583,8082,8528,9057,9603,9976,10538,10869,11148,11523,11741,12109,13655,22216,132441,246337,254714,241965,236878,227520,222127,215843,208261,201569,197107,193036,185071,180370
391_1,5034,4997,5126,5090,5150,5076,5237,5241,5190,5358,5293,5351,5393,5349,5484,5426,5476,5494,5436,5484,5560,5589,5578,5663,5726,5695,5660,5707,5644,5747,5701,5758,5757,5854,5781,5815,5824,5818,5914,5924,5988,5939,5968,5896,5950,5989,5892,6003,6035,6023,6085,6140,6211,6004,6224,6125,6198,6170,6204,6305,6260,6320,6291,6166,6226
390_1,8871,9518,9776,9950,10048,10240,10200,10258,10331,10101,10166,10253,10245,10235,10188,10123,10268,10135,10001,10043,10022,9947,9874,9905,9904,9876,9687,9749,9845,9842,9774,9633,9617,9669,9626,9607,9599,9623,9553,9634,9645,9544,9619,9600,9487,9499,9561,9487,9623,9411,9447,9532,9517,9418,9376,9306,9409,9325,9465,9444,9441,9354,9364,9369,9298
376_11,8608,9093,9316,9345,9457,9548,9534,9508,9569,9493,9589,9623,9402,9601,9561,9617,9449,9444,9476,9533,9375,9458,9295,9361,9248,9466,9329,9242,9209,9150,9216,9156,9160,9168,9068,8928,9125,9143,9072,9142,9077,9157,9002,9230,19478,61724,83414,81569,76083,73233,75068,73748,71151,71908,74188,72117,72893,75792,74738,74714,75637,76846,80586,77342,78612
358_1,5556,5467,5383,5431,5371,5232,5216,5293,5204,5260,5128,5201,5194,5193,5217,5153,5216,5176,5128,5174,5145,5194,5156,5117,5185,5139,5179,5130,5141,5170,5139,5176,5202,5154,5178,5130,5121,5153,5144,5182,5191,5142,5118,5163,5148,5084,5078,5184,5050,5143,5159,5042,5157,5098,5069,5095,5069,5123,5076,5021,5116,5050,5032,5064,5036
SDS_11,5187,5002,5069,5041,5062,4961,5038,5080,5091,5067,5051,5192,5080,5069,5023,5078,5032,4927,5010,4987,4987,5028,4958,5002,4967,5000,4980,4919,4934,4984,4979,4937,4977,4949,4852,4922,4933,4944,4979,4926,4879,4912,4999,5155,5563,6223,6936,7786,8815,9909,11270,12944,15315,17462,20365,22876,26609,28976,31936,34116,35535,37151,39071,40365,41259
neg_11,8121,8413,8442,8486,8597,8645,8799,8945,9108,9063,9025,9087,9159,8992,9118,9066,9067,9109,9111,9111,9022,9106,9066,9148,9068,9113,9078,9071,9005,9096,9124,9087,9035,9193,9182,9115,9103,9218,9239,8979,9163,9152,9094,9226,9059,9161,9167,9128,9090,9073,9110,9188,9165,9151,9140,9205,9206,9068,9089,9324,9244,9099,9182,9179,9041
735_21,5230,5127,5136,5185,5115,5235,5244,5292,5254,5333,5352,5341,5332,5396,5367,5382,5485,5491,5357,5400,5370,5438,5455,5545,5466,5539,5432,5426,5509,5461,5489,5540,5552,5534,5516,5477,5608,5541,5536,5544,5611,5639,5586,5656,5601,5545,5574,5602,5569,5611,5544,5485,5615,5620,5725,5673,5565,5644,5632,5552,5636,5653,5620,5714,5656
508_21,5311,5247,5288,5310,5377,5335,5381,5411,5496,5463,5432,5456,5518,5519,5470,5608,5538,5553,5553,5503,5522,5606,5598,5563,5640,5623,5611,5588,5632,5636,5607,5616,5655,5620,5682,5604,5573,5661,5641,5669,5610,5628,5606,5586,5829,5639,5600,5617,5708,5649,5612,5655,5594,5674,5716,5662,5569,5644,5553,5671,5600,5669,5742,5674,5588
333_21,5692,5569,5758,5713,5845,5738,5820,5806,5777,5847,5876,5824,5852,5828,5913,5855,6135,7730,13008,20631,29803,160183,260000,260000,260000,260000,260000,260000,260000,260000,260000,258190,256875,252741,253435,249569,247814,247368,244471,244073,242618,242335,240559,240215,239456,239051,239013,238560,238831,239143,239345,239696,239530,241139,240411,241736,240932,241471,241239,243062,243116,244044,243482,244377,245138
514_2,5481,5304,5301,5218,5291,5284,5311,5245,5159,5224,5239,5278,5214,5248,5206,5211,5217,5226,5156,5193,5222,5168,5215,5145,5230,5159,5227,5169,5186,5191,5074,5148,5168,5198,5123,5112,5200,5096,5101,5116,5132,5173,5118,5187,5139,5143,5096,5122,5120,5182,5119,5156,5186,5115,5034,5108,5165,5133,5164,5085,5163,5087,5107,5165,5105
431_21,8908,9364,9704,9808,9928,10069,10052,10158,10044,10119,10055,9928,9915,9949,9852,10219,9946,10043,9843,9761,9891,9758,9682,9685,9591,9548,9581,9688,9662,9548,9487,9493,9570,9574,9418,9318,9560,9409,9628,9264,9454,9465,9508,9590,9540,9408,9444,9320,9414,9267,9306,9655,9314,9395,9454,9343,9224,9187,9290,9226,9221,9148,9337,9123,9218
394_21,6751,6522,6602,6793,6748,6905,6858,6898,6900,6855,6887,6863,6923,6856,6912,6805,6835,6863,6753,6683,6843,6739,6758,6784,6679,6691,6741,6765,6736,6766,6649,6735,6632,6690,6644,6640,6643,6749,6683,6681,6701,6612,6698,6727,6876,6780,6954,7082,7377,7687,8073,8346,8828,9195,9341,9649,9899,10089,10170,10420,10788,12446,21598,61782,205768
391_2,5423,5318,5313,5331,5336,5444,5438,5458,5488,5408,5505,5475,5453,5592,5506,5516,5594,5648,5563,5565,5572,5610,5582,5651,5622,5626,5600,5647,5685,5692,5676,5671,5791,5697,5782,5763,5723,5840,5693,5746,5766,5755,5743,5789,5795,5731,5790,5859,5809,5792,5772,5873,5853,5785,5830,5812,5924,5846,5792,5957,5808,5877,5941,5878,5887
390_2,8484,8829,9135,9096,9150,9186,9257,9271,9194,9171,9393,9352,9229,9218,9278,9181,9251,9160,9290,9152,9078,9117,9227,9077,9196,9096,9214,9120,9073,8927,8986,9118,9078,9173,9119,9085,9160,9112,9109,9035,9069,9028,8966,8977,9122,8822,9032,8830,8864,8947,8916,8880,8893,8800,8822,8833,8821,8900,8872,8711,8792,8799,8650,8758,8729
376_21,8305,8810,8936,9234,9158,9213,9159,9210,9253,9305,9248,9182,9271,10247,13921,18452,21972,26524,86004,128378,114580,104217,95402,89830,86574,82099,79653,77521,76790,75556,74690,75056,75826,73300,73085,72855,73008,73826,73676,73307,72134,72340,72725,72741,71983,71301,74585,71970,74128,72900,72446,71807,71958,71156,71710,73665,72075,71364,71029,71216,73013,71941,71527,71105,70389
358_2,5268,5209,5155,5128,5175,5235,5222,5173,5132,5111,5123,5109,5181,5176,5143,5089,5159,5143,5173,5108,5089,5038,5132,5127,5081,5049,5067,5066,5025,5059,5124,5026,5082,5043,5028,5043,5069,5101,5050,5065,4983,5041,5034,4936,5007,5033,5033,5030,4985,4859,4985,5005,4967,4916,5008,5024,5025,4958,4953,4889,4987,4948,4999,4968,4991
SDS_21,5197,5150,5084,5097,5056,5107,5011,5104,5120,5051,5084,5055,5088,5028,5088,5086,5127,5025,5030,5055,5072,5057,5016,5039,4968,5007,4957,5061,4957,4999,4991,4981,5028,5044,4936,5013,4995,4976,5072,5006,4979,4958,4960,4951,4982,4946,4945,4960,4966,4998,4957,4910,4983,5314,5904,6727,7854,9117,10459,12123,13682,15664,17626,20415,22663
neg_21,8358,8520,8701,8634,8717,9052,8757,8958,8998,9199,9126,9058,9231,9081,9190,9099,9362,9146,9315,9407,9330,9492,9413,9541,9407,9708,9630,9474,9604,9487,9605,9733,9543,9439,9598,9595,9459,9515,9624,9728,9593,9615,9719,9733,9608,9628,9645,9522,9573,9545,9694,9794,9747,9551,9862,9867,9936,9525,9725,10057,9772,9936,9920,9768,9535
735_31,5334,5271,5291,5320,5202,5338,5239,5274,5449,5415,5339,5440,5383,5474,5320,5341,5289,5515,5528,5433,5428,5432,5473,5359,5463,5482,5387,5482,5428,5477,5399,5511,5475,5458,5420,5505,5579,5511,5502,5477,5565,5528,5427,5517,5455,5502,5564,5528,5520,5513,5446,5515,5506,5499,5554,5558,5530,5530,5524,5513,5536,5519,5532,5504,5497
508_31,5367,5463,5474,5429,5542,5559,5597,5661,5606,5664,5577,5652,5673,5699,5706,5752,5734,5682,5722,5697,5719,5733,5766,5774,5793,5814,5817,5721,5831,5811,5797,5860,5850,5844,5776,5735,5804,5906,5889,5923,5833,5759,5810,5898,5848,5883,5853,5868,5863,5887,5755,5880,5869,5936,5867,5850,5852,5850,5927,5798,5898,5852,5837,5824,5877
333_31,5911,5787,5785,5698,5747,5742,5749,5816,5792,5859,5859,5848,5852,5972,5911,5921,6029,6053,8466,13363,20008,33477,179824,260000,260000,260000,260000,260000,260000,260000,260000,260000,260000,260000,260000,260000,260000,260000,260000,260000,260000,260000,260000,260000,260000,260000,260000,260000,260000,260000,260000,260000,260000,260000,260000,260000,260000,260000,260000,260000,260000,260000,260000,260000,260000
514_3,5544,5432,5311,5294,5310,5316,5376,5240,5301,5279,5303,5300,5324,5312,5325,5228,5259,5306,5334,5319,5296,5274,5283,5346,5245,5275,5226,5269,5300,5307,5282,5236,5257,5259,5296,5214,5319,5273,5314,5280,5208,5298,5283,5167,5221,5258,5272,5272,5179,5252,5249,5200,5253,5254,5278,5222,5236,5239,5241,5245,5163,5200,5187,5266,5206
431_31,8791,9316,9570,9617,9828,9737,9701,9953,9803,9849,9856,9776,9735,9731,9746,9684,9702,9513,9608,9523,9517,9542,9500,9548,9501,9369,9348,9310,9222,9244,9336,9274,9148,9342,9430,9313,9330,9331,9241,9366,9329,9297,9256,9230,9236,9226,9263,9228,9322,9165,9384,9263,9423,9201,9353,9374,9349,9175,9267,9082,9216,9122,9093,9275,9076
394_31,6412,6468,6507,6525,6621,6709,6742,6663,6617,6691,6628,6672,6539,6712,6712,6548,6581,6595,6577,6510,6375,6517,6560,6533,6468,6550,6531,6453,6423,6469,6505,6497,6458,6419,6351,6343,6490,6381,6408,6474,6300,6377,6294,6350,6372,6328,6322,6453,6394,6260,6357,6372,6387,6296,6370,6346,6354,6507,6554,6855,6927,7230,7425,7660,7953
391_3,5337,5223,5250,5194,5172,5181,5115,5243,5214,5238,5196,5168,5144,5187,5225,5171,5154,5225,5171,5020,5135,5185,5237,5121,5107,5121,5056,5120,5082,5119,5086,5087,5057,5067,5117,5138,5098,5094,5064,5112,5071,5045,5035,5001,5049,5081,5123,4984,4972,5063,5019,4970,5003,5006,4977,4971,4959,4961,4970,5000,4936,5014,4946,4960,4935
390_3,8408,8920,8987,9053,9010,9315,9189,9167,9120,9203,9168,9053,9219,9045,9180,9072,9174,9076,8959,9056,8937,8843,9015,8969,8825,8832,8774,8846,8771,8721,8836,8791,8844,8870,8970,8976,8850,8846,8846,8720,8832,8757,8797,8869,8751,8665,8722,8781,8717,8776,8653,8663,8866,8750,8619,8758,8643,8635,8712,8620,8640,8623,8629,8702,8683
376_31,8354,8912,9119,9240,9135,9246,9263,9178,9274,9417,9348,9326,9371,9356,9313,9381,9337,9279,9358,9944,14364,18028,24751,93590,167153,159940,147977,136466,127070,119852,113828,112229,106941,104411,101830,102942,100019,98188,100033,100080,101168,98818,99443,99222,100196,100157,99077,102380,101144,101342,103009,102884,105243,106875,106636,107819,106191,107799,107971,110801,108574,112772,113646,110589,113240
358_3,5471,5308,5320,5306,5416,5555,5629,5577,5633,5765,5727,5700,5742,5786,5716,5799,5857,5828,5758,5959,5819,5972,5864,5899,5936,5855,5864,5947,5998,5964,5988,5980,5960,5959,5979,5954,5957,6025,5903,5968,5994,5919,5946,6065,5957,5989,5878,5918,5920,5909,5894,5849,5788,5862,5957,5930,5928,5927,5766,5896,5845,5978,5847,5877,5920
SDS_31,5253,5184,5228,5164,5219,5196,5150,5144,5146,5183,5140,5180,5108,5086,5163,5117,5138,5130,5188,5089,5058,5108,5151,5114,5170,5137,5063,5144,5037,5142,5023,5126,5022,5046,5106,5059,5071,5108,5077,5036,5027,5042,5054,5052,5090,5050,5095,5002,5063,5207,5693,6446,7103,8336,9756,11138,12581,14103,15811,17745,19813,21384,23223,24643,26251
neg_31,8616,8791,8858,8922,9072,9195,9418,9647,9588,9766,9784,9695,9772,9714,9767,9779,9799,9656,9781,9807,9973,9870,9837,10108,10109,10048,10173,10247,10152,10138,10065,9888,9972,9916,10143,10007,10464,10344,10251,10090,10339,10322,10655,10130,10210,10341,10188,9997,10377,9795,10269,10008,9980,10033,10213,10311,10135,10011,10447,9894,10030,10261,9872,10066,10267
735_41,5371,5451,5418,5562,5628,5667,5761,5675,5813,5875,5833,5834,5927,5862,5915,5991,5989,6006,5956,5964,5938,6052,6044,6175,6058,6168,6152,6069,6181,6189,6233,6197,6205,6256,6280,6273,6255,6273,6340,6321,6450,6295,6325,6344,6322,6380,6320,6400,6314,6327,6360,6325,6379,6359,6446,6438,6428,6401,6374,6387,6431,6413,6431,6512,6395
508_41,5278,5332,5358,5284,5320,5320,5357,5390,5263,5409,5289,5369,5368,5330,5296,5372,5298,5266,5343,5315,5311,5269,5335,5248,5343,5278,5296,5248,5252,5263,5313,5267,5284,5333,5288,5255,5323,5262,5241,5223,5292,5232,5258,5214,5248,5264,5195,5173,5191,5216,5279,5293,5241,5214,5214,5200,5104,5209,5173,5149,5172,5219,5164,5175,5099
333_41,5855,5754,5822,5808,5933,5972,5944,6082,6013,6111,5958,6105,6123,6114,6116,6104,6098,6136,6196,6235,6222,6316,7350,9614,12967,17119,21824,29610,152771,260000,260000,260000,260000,260000,260000,260000,260000,260000,260000,260000,260000,260000,260000,260000,260000,260000,260000,260000,260000,260000,260000,260000,260000,260000,260000,260000,260000,260000,260000,260000,260000,260000,260000,260000,260000
514_4,5361,5384,5238,5240,5371,5351,5439,5412,5477,5430,5537,5531,5583,5556,5528,5579,5495,5539,5522,5616,5577,5622,5624,5568,5637,5581,5668,5587,5579,5641,5495,5548,5542,5603,5625,5584,5642,5572,5619,5552,5555,5581,5521,5524,5553,5561,5614,5568,5484,5592,5477,5538,5614,5580,5627,5472,5596,5552,5621,5493,5579,5547,5577,5505,5446
431_41,8639,8922,9564,9576,9644,9702,9670,9736,9703,9735,9729,9623,9587,9594,9603,9864,9749,9675,9680,9555,9482,9382,9483,9438,9474,9330,9308,9291,9207,9267,9225,9166,9237,9255,9123,9578,9314,9232,9160,9351,9190,9332,9270,9081,9037,9185,9110,9278,9025,9170,9221,9461,9098,9039,9283,9002,9254,8988,9258,9095,9008,9245,9010,9001,8989
394_41,6458,6569,6540,6594,6714,6652,6809,6752,6791,6732,6844,6762,6746,6760,6727,6782,6643,6720,6688,6688,6723,6720,6700,6645,6644,6712,6610,6692,6647,6672,6608,6645,6642,6633,6638,6641,6641,6693,6657,6992,7063,7417,7892,8123,8456,8806,9047,9484,9753,10014,10266,10433,10668,13356,27799,95766,201331,197499,186549,178257,171040,164217,159926,155068,150881
391_4,5333,5319,5237,5276,5378,5409,5465,5536,5434,5570,5527,5608,5637,5590,5634,5654,5664,5691,5712,5725,5707,5702,5674,5736,5774,5730,5664,5727,5811,5702,5744,5805,5820,5775,5805,5861,5810,5846,5837,5855,5823,5894,5876,5882,5835,5822,5940,5894,5816,5877,5871,5925,5828,5888,5878,5852,5910,5821,5857,5827,5813,5782,5761,5685,5894
390_4,8315,8698,8909,9165,9328,9281,9343,9333,9560,9379,9490,9381,9410,9397,9312,9228,9284,9191,9292,9145,9329,9200,9056,8999,9067,9094,8999,9022,8972,9110,8971,8930,9011,9068,8911,8913,8889,9053,8992,8943,8870,8965,8854,8895,8902,8878,8816,8887,8938,8873,8896,8824,8894,8896,8942,8832,9056,8813,8938,8944,8825,8727,8825,8820,8669
376_41,8415,8819,9150,9020,9315,9188,9171,9358,9342,9434,9367,9332,9368,9418,9420,9315,9404,9311,9278,9186,9182,9261,9093,9190,9070,9002,9020,9112,9153,9061,9100,9029,8913,9068,9018,9045,9130,8939,8950,8966,8951,8934,8865,8872,8708,8836,8789,8716,8848,9192,8857,9120,8786,8687,8959,8768,8906,8697,8975,8860,9087,8853,9069,9110,8710
358_4,5361,5307,5373,5482,5533,5622,5597,5661,5758,5810,5900,5819,5863,5835,6021,5940,6010,6105,6059,6050,6046,6063,6100,6155,6127,6113,6126,6182,6208,6228,6239,6286,6235,6322,6381,6353,6404,6415,6382,6336,6365,6423,6432,6414,6368,6488,6358,6451,6388,6416,6375,6374,6426,6408,6434,6447,6382,6403,6509,6430,6401,6465,6385,6411,6500
SDS_41,5244,5264,5124,5151,5144,5169,5156,5149,5114,5104,5089,5101,5052,5115,5036,5138,5107,5112,5138,5105,5091,4980,5092,5099,5056,5032,5022,5046,5073,5055,5047,5051,5098,5051,5097,4979,5156,4967,4953,5103,5034,5052,4967,5016,5030,4961,5062,4987,5028,5006,5013,4981,5061,5036,5007,5044,5108,5154,5303,5450,5640,5950,6184,6352,6577
neg_41,8990,9309,9488,9663,9851,10250,10184,10431,10652,10412,10406,10624,10425,10586,10626,10535,10899,10892,10908,10832,10895,10684,10616,10596,10753,10580,10732,10473,10488,10548,10488,10493,10458,10636,10465,10435,10348,10292,10350,10398,10307,10231,10188,10235,10114,10020,10088,10114,10119,10148,10110,10112,10266,10058,9991,9964,9775,9843,9837,9625,9870,9808,9757,10061,9862
355_1,8330,9068,9282,9301,9524,9564,9570,9675,9616,9721,9592,9636,9548,9565,9490,9561,9456,9460,9377,9383,9377,9397,9314,9388,9338,9285,9321,9239,9183,9226,9286,9234,9165,9135,9220,9189,9096,9220,9199,9345,9071,9118,9033,9297,9184,9148,9024,9040,8870,9002,8915,9001,8925,9067,8959,8860,8789,8828,8716,8905,8784,8693,8724,8689,8744
350_1,6227,6406,6384,6287,6403,6497,6472,6545,6638,6625,6612,6657,6701,6646,6699,6575,6640,6691,6628,6558,6623,6584,6622,6613,6596,6525,6632,6632,6590,6576,6629,6574,6536,6613,6513,6577,6560,6535,6584,6598,6508,6586,6460,6568,6495,6454,6470,6471,6480,6463,6469,6401,6429,6407,6380,6427,6429,6441,6445,6427,6396,6370,6397,6441,6400
269_1,6187,6236,6204,6313,6342,6465,6504,6597,6554,6566,6570,6560,6499,6597,6521,6522,6508,6483,6526,6536,6499,6434,6486,6483,6594,6558,6417,6554,6515,6337,6493,6508,6503,6491,6493,6524,6377,6452,6455,6431,6408,6503,6398,6410,6455,6349,6370,6527,6469,6421,6365,6375,6335,6414,6325,6361,6349,6472,6352,6438,6278,6336,6373,6426,6360
232_1,6624,6626,6682,6676,6722,6829,6828,6815,6843,6838,6868,6801,6827,6748,6807,6790,6747,6795,6779,6774,6756,6746,6747,6775,6745,6763,6673,6722,6713,6666,6760,6737,6722,6714,6691,6684,6773,6701,6728,6728,6638,6778,6661,6679,6770,6625,6616,6726,6738,6634,6692,6607,6777,6552,6725,6644,6555,6645,6828,8359,17279,69604,66636,63392,60329
193_11,5329,5207,5155,5152,5097,5053,5184,5241,5169,5178,5139,5080,5084,5136,5143,5163,5135,5154,5025,5039,5097,5115,5144,5149,5066,5147,5135,5048,5151,5093,5122,5053,5099,5062,5057,5028,5014,5059,5031,5102,5087,5012,4988,5051,5024,5041,4994,5097,5008,4993,5047,4984,5127,4975,4917,5003,5027,4951,5035,4972,4919,5064,5043,4975,5037
188_1,5992,5954,5938,5931,6006,6042,6210,6123,6140,6160,6110,6047,6153,6122,6098,6105,6087,6082,6032,5944,6038,5980,6045,6045,6021,6010,6052,5962,5948,5963,5906,5988,5996,5895,5959,5972,5895,5882,5976,5923,5965,5994,5976,5957,5954,5968,5894,5847,5967,5862,5872,5874,5871,5832,5876,5777,5828,5807,5844,5787,5894,5795,5875,5831,5743
118_1,7418,7404,7467,7555,7525,7585,7628,7501,7474,7510,7483,7392,7478,7402,7365,7378,7432,7353,7325,7290,7456,7264,7303,7285,7270,7360,7257,7330,7242,7298,7329,7330,7150,7316,7249,7214,7231,7255,7125,7230,7167,7198,7161,7230,7180,7185,7094,7155,7155,7176,7040,7142,7081,6996,7205,7056,7023,7065,6917,6940,6962,7007,7040,7875,16656
355_2,8656,9557,9773,10043,10182,10082,10263,10294,10160,10191,10168,10090,10128,10137,9949,10091,9989,9891,9804,9854,9893,9775,9731,9707,9604,9644,9569,9526,9398,9322,9477,9512,10089,9563,9616,9707,9874,9909,9778,10201,9528,9676,9984,9429,9997,9637,9827,9724,9903,9379,9740,9877,9302,9340,9512,9534,9486,9363,9651,9125,9792,9295,9080,9043,9011
350_2,6206,6265,6317,6236,6423,6360,6340,6479,6491,6546,6555,6558,6510,6504,6498,6539,6587,6472,6481,6416,6382,6490,6373,6434,6343,6390,6331,6368,6476,6411,6381,6452,6338,6396,6371,6339,6312,6386,6397,6282,6362,6317,6343,6299,6309,6340,6266,6218,6302,6314,6292,6265,6358,6255,6241,6175,6252,6274,6216,6221,6269,6305,6248,6208,6276
269_2,6147,6135,6214,6290,6273,6414,6431,6480,6478,6615,6528,6472,6600,6599,6526,6517,6562,6523,6587,6517,6581,6634,6565,6506,6538,6577,6459,6482,6501,6610,6550,6571,6552,6554,6470,6482,6453,6548,6497,6580,6511,6475,6565,6598,6498,6509,6539,6544,6518,6555,6512,6455,6563,6561,6592,6538,6464,6568,6518,6506,6451,6582,6635,6517,6471
232_2,6671,6617,6776,6875,6798,6782,6821,6842,6925,6815,6820,6699,6664,6820,6859,6928,6706,6812,6796,6751,6779,6854,6757,6664,6862,6799,6727,6679,6704,6731,6772,6649,6794,6643,6707,6778,6722,6678,6691,6727,6792,6661,6710,6702,6679,6634,6708,6697,6696,6650,6724,6736,6617,6740,6681,6814,6854,6828,9887,23812,90495,176701,207729,186409,175594
193_21,5486,5434,5395,5420,5365,5390,5372,5384,5377,5362,5447,5266,5393,5374,5295,5298,5339,5301,5366,5299,5278,5287,5300,5325,5344,5265,5346,5288,5243,5203,5254,5371,5240,5266,5233,5260,5178,5265,5284,5192,5196,5187,5189,5268,5206,5231,5195,5185,5201,6017,8140,10281,12643,15497,20276,20604,22746,22809,23535,25292,25253,26097,28446,29579,31039
188_2,5288,5256,5163,5205,5184,5147,5165,5165,5197,5261,5281,5216,5303,5253,5182,5150,5193,5238,5141,5180,5232,5114,5190,5096,5164,5151,5187,5076,5078,5134,5192,5113,5069,5061,5061,5325,6461,7876,9593,11670,14068,15494,17124,17861,18459,19378,20687,22187,23701,24922,26664,28592,30070,31250,32526,33633,35948,35014,34391,35831,35567,35670,37621,36992,36602
118_2,7583,7655,7771,7854,7829,7744,7798,7825,7760,7727,7765,7745,7726,7722,7768,7634,7618,7586,7533,7593,7501,7564,7545,7464,7492,7500,7506,7432,7432,7425,7422,7456,7440,7385,7464,7466,7414,7333,7442,7420,7434,7320,7258,7333,7459,7367,7386,7277,7415,7303,7333,7318,7265,7297,7308,7290,7253,7284,7270,7342,7210,7112,7257,7731,10359
355_3,8303,8931,9317,9316,9307,9613,9617,9829,9607,9808,9728,9639,9645,9716,9628,9657,9465,9502,9401,9524,9462,9546,9409,9376,9421,9326,9241,9438,9280,9236,9210,9221,9118,9145,9262,9341,9288,9335,9130,9189,9201,9180,9197,9099,9209,9078,9133,9015,9012,9191,8998,9022,9069,9000,8924,8846,8911,8861,8831,8977,8780,8774,8662,8802,8717
350_3,6264,6106,6195,6260,6320,6395,6513,6541,6557,6581,6517,6570,6467,6547,6497,6508,6472,6496,6440,6500,6461,6476,6364,6353,6420,6424,6404,6469,6457,6423,6416,6375,6408,6370,6336,6331,6404,6216,6387,6407,6347,6279,6347,6361,6382,6398,6246,6289,6253,6320,6272,6319,6204,6241,6315,6246,6324,6288,6251,6176,6139,6230,6302,6156,6235
269_3,6301,6271,6328,6326,6447,6422,6495,6528,6557,6587,6543,6594,6604,6513,6496,6491,6494,6529,6503,6535,6614,6545,6509,6524,6477,6494,6529,6488,6619,6540,6561,6513,6559,6581,6505,6533,6427,6538,6465,6454,6495,6462,6520,6471,6476,6495,6561,6467,6337,6368,6469,6418,6388,6379,6424,6430,6442,6479,6366,6410,6348,6296,6378,6357,6228
232_3,6832,6894,6877,6936,7002,6977,7021,7019,6983,6973,7031,6969,7094,7076,7047,7076,6892,7042,6998,6923,6985,6956,7041,7056,6908,6926,6953,6898,6837,6863,6911,6991,6882,6996,6910,6905,6904,6925,6874,6876,6865,6905,6825,6885,6801,6920,6812,6860,6898,6744,6709,6913,6822,6840,6816,6764,6866,6769,6793,6848,6872,6820,6810,8074,23580
193_31,5429,5442,5345,5445,5463,5508,5557,5528,5634,5657,5708,5620,5615,5733,5686,5754,5723,5836,5729,5840,5836,5807,5832,5790,5868,5914,5790,5913,5897,5927,5929,5912,5954,6011,5982,6024,5938,6051,5975,6124,6046,6048,6045,6054,6045,6119,6039,6008,6249,6084,6230,6109,6178,6086,6188,6086,6129,6064,6207,6174,6156,6122,6073,6146,6225
188_3,6165,6132,6159,6179,6247,6226,6341,6345,6407,6363,6426,6278,6385,6367,6418,6233,6389,6230,6220,6301,6261,6196,6300,6283,6254,6240,6379,6180,6258,6244,6210,6222,6284,6290,6208,6147,6192,6209,6239,6129,6219,6141,6164,6114,6196,6160,6056,6099,6132,6165,5943,6173,6103,6047,6143,6052,6017,6135,6082,6099,6055,5984,6054,6070,5974
118_3,7766,8044,8182,8117,8119,8200,8184,8196,8256,8240,8262,8260,8168,8043,8148,8103,8029,8002,8081,8038,8023,8001,8087,7941,7978,7919,8039,7921,7961,7944,7865,7852,7871,7965,7887,7929,7956,7797,7834,7871,7844,7863,7729,7748,7685,7773,7808,7697,7753,7819,7795,7735,7558,7634,7600,7757,7600,7530,7654,7608,7588,8834,33965,43791,41532
355_4,8679,9747,10024,10227,10365,10368,10565,10718,10713,10666,10678,10539,10606,10531,10490,10488,10517,10474,10270,10276,10163,10139,10123,9914,9949,9892,9744,9729,9642,9662,9840,15068,47490,91542,98013,94100,90088,87196,85473,85091,83427,87373,82688,82677,85131,84527,85590,84715,85348,86154,86207,87597,87355,87226,88387,90804,90725,90674,90323,90635,91284,91935,95362,93348,94234
350_4,6203,6167,6306,6301,6398,6407,6493,6422,6567,6516,6525,6594,6518,6471,6485,6462,6452,6439,6353,6420,6508,6480,6464,6408,6441,6410,6347,6520,6442,6401,6457,6454,6413,6341,6459,6485,6354,6364,6319,6429,6399,6303,6282,6397,6314,6531,6294,6341,6367,6353,6276,6368,6415,6458,6349,6237,6266,6275,6321,6308,6331,6266,6226,6271,6252
269_4,6197,6246,6397,6345,6437,6560,6664,6703,6856,6775,6773,6809,6758,6737,6802,6813,6823,6772,6798,6838,6808,6926,6894,6848,6861,6990,6875,6776,6951,6953,6802,6886,6931,6920,6864,6881,6962,6893,6925,6893,6810,6975,6800,6847,6795,6922,6957,6952,6912,6762,6786,6816,6932,6804,6884,6776,6822,6800,6797,6742,6816,6833,6750,6863,6814
232_4,6916,7061,7081,7190,7152,7290,7362,7375,7398,7367,7479,7425,7386,7437,7365,7380,7478,7549,7444,7360,7484,7298,7306,7437,7332,7433,7309,7312,7452,7494,7352,7420,7350,7393,7429,7425,7377,7489,12512,29450,59531,152488,182312,183421,184571,184324,183989,183092,181473,180832,179770,178948,178571,177318,176786,176980,176578,176130,175169,175182,174957,175237,174937,175270,175473
193_41,5383,5361,5368,5392,5431,5588,5530,5559,5635,5666,5721,5696,5775,5720,5789,5806,5831,5869,5985,5889,5925,5873,5949,5975,6029,5889,6028,6102,5946,6023,6039,6076,6012,6036,6116,6170,6122,6136,6086,6158,6297,6214,6128,6173,6171,6259,6277,6234,6227,6261,6214,6274,6325,6248,6233,6320,6244,6340,6400,6408,6376,6445,6407,6428,6416
188_4,6146,6071,6034,6166,6227,6394,6314,6347,6481,6546,6377,6479,6504,6458,6493,6438,6453,6446,6386,6424,6495,6524,6431,6462,6273,6408,6434,6338,6371,6411,6276,6384,6301,6427,6331,6331,6312,6205,6268,6277,6265,6248,6286,6322,6250,6279,6217,6244,6338,6149,6189,6229,6164,6179,6214,6177,6217,6204,6129,6265,6191,6073,6186,6094,6141
118_4,7964,8379,8543,8521,8444,8588,8690,8800,8617,8689,8681,8667,8708,8780,8681,8501,8544,8568,8612,8548,8612,8508,8345,8550,8546,8505,8402,8562,8525,8350,8422,8348,8333,8265,8318,8402,8410,8356,8257,8283,8358,8279,8247,8430,8283,8146,8177,8271,8343,8097,8210,8309,13125,43332,43464,41431,39749,38166,36979,35779,34697,34016,33696,32831,32736
