content_replicate,0,0.84,1.67,2.51,3.34,4.18,5.01,5.85,6.68,7.52,8.36,9.19,10.03,10.86,11.7,12.53,13.37,14.2,15.04,15.87,16.71,17.54,18.38,19.22,20.05,20.89,21.72,22.56,23.39,24.23,25.06,25.9,26.73,27.57,28.41,29.24,30.08,30.91,31.75,32.58,33.42,34.25,35.09,35.92,36.76,37.59,39.2,40.03,40.87,41.7,42.54,43.37,44.21,45.04,45.88,47.03,47.87,48.71,49.54,50.38,51.21,52.05,52.88,53.72,54.55
pos_1,6401,6448,6435,6601,6507,6917,7093,6988,7038,7478,13255,64938,73180,73788,72834,71990,70945,68830,66493,64667,62631,60530,58112,56408,54035,52509,50662,49742,49142,48857,47782,47451,47337,47010,46480,46552,46165,45951,45883,45617,45931,46040,45629,45791,45840,46256,46164,46104,46351,46164,46466,46370,46228,46591,46122,46193,46074,46128,46647,46135,45977,46248,46304,46320,46133
SDS_1,4575,4468,4395,4462,4421,4456,4399,4389,4425,4419,4407,4428,4363,4390,4378,4456,4452,4456,4413,4350,4400,4428,4427,4416,4341,4386,4396,4387,4364,4452,4464,4475,4436,4435,4485,4439,4503,4465,4466,4507,4556,4486,4460,4502,4490,4510,4520,4499,4523,4414,4480,4468,4551,4457,4491,4564,4559,4426,4453,4573,4465,4416,4527,4505,4501
166_1,6136,6045,6146,6242,6157,6265,6306,6221,6367,6361,6290,6406,6379,6396,6351,6328,6393,6487,6511,6342,6434,6335,6454,6417,6385,6357,6419,6375,6324,6356,6269,6230,6246,6320,6271,6273,6202,6348,7640,11671,71973,90737,78616,69614,62797,57737,52911,51948,51704,51784,51247,50825,50946,50739,50857,50691,51034,50630,51118,50789,51221,50767,50861,50817,50842
250_1,5795,5606,5600,5650,5608,5560,5745,5817,5943,5829,5798,5825,5720,5849,5783,5748,5879,5755,5699,5740,5700,5756,5699,5790,5609,5672,5763,5595,5684,5643,6145,9076,51673,175582,160607,147132,140261,137547,133290,133282,131415,131842,131924,131302,131549,131663,130500,130704,130695,131109,131288,131377,130919,132302,132318,132699,132445,133069,133480,133496,134553,135471,136081,134980,136274
333_1,6298,6324,6339,6200,6250,6359,6610,6642,6512,6444,6491,6675,6763,6862,6756,6737,6664,6622,6515,6552,6547,6562,6664,6590,6699,6688,6579,6580,6656,6667,6637,6766,6656,6601,6641,6557,6663,6709,6643,6616,6661,6542,6612,6633,6485,6632,6573,6567,6448,6686,7922,20224,161819,164135,147143,133629,122812,118035,115768,113881,111873,110655,112171,111215,111847
353_1,6081,5958,5990,6260,6156,6127,6215,6318,6472,6608,6860,6681,6591,6713,6622,6628,6661,6665,6854,7350,9021,11863,54171,59375,55389,51643,48992,46278,44673,43100,42562,40726,40360,39771,38941,39435,38403,38097,38194,38752,38117,37904,38016,37698,37720,37911,37807,37834,37789,38120,37704,37759,37616,37171,36954,37436,37187,37174,36895,37026,35753,36201,36083,36007,35926
360_1,5844,5841,5952,6330,6219,6338,6536,6388,6438,6510,6362,6407,6456,6458,6347,6376,6327,6556,6849,8307,14353,62871,82426,71533,65653,61834,60730,60116,60416,61917,61740,62032,63691,64920,67165,68631,70934,71446,74126,75882,76441,80579,80771,82622,83877,84639,86538,87801,89296,88594,89538,89958,88916,88656,89811,89220,88192,88276,87222,87269,87187,87257,86587,85697,85735
363_1,5981,5815,5824,5816,5944,6401,6358,6405,6512,6662,6488,6537,6559,6448,6403,6409,6422,6429,6412,6485,6450,6412,6307,6427,6320,6354,6312,6308,6536,10388,49634,127160,138244,134086,130922,128741,128498,128660,128571,129097,129868,127940,128925,128860,130064,129899,130385,131060,131140,130704,131248,129320,130443,130737,130369,131916,132145,132244,131706,132599,132706,132723,133129,132864,134050
376_1,6035,6010,6156,6177,6178,6292,6527,6577,6693,6712,6693,6750,6687,6811,6671,6704,6624,6730,6693,6559,6631,6675,6651,6671,6590,6609,6605,6928,9703,99362,198323,185887,166640,151688,138727,135315,128379,120337,122635,120234,120166,118997,115864,114529,114021,113780,113288,113191,110842,113094,110816,109260,112032,112773,107455,115406,110405,113140,113872,114269,116110,113032,113119,114992,113257
384_1,5938,5895,5930,5998,6025,6081,6095,6214,6185,6262,6369,6207,6142,6135,6171,6167,6174,6377,6269,6471,6521,6494,6470,6482,6552,6528,6507,6466,6653,6559,6553,6525,6542,6699,8491,24955,73563,69666,63451,59064,53816,51458,49186,47491,47462,46549,44805,45369,45069,46276,45199,44341,45615,44652,46030,45649,45500,45469,46022,45410,45196,45609,45076,45467,45866
508_1,5443,5418,5367,5303,5257,5293,5316,5268,5226,5301,5254,5294,5260,5300,5201,5270,5199,5253,5281,5177,5240,5265,5235,5174,5266,5205,5176,5274,5227,5179,5254,5160,5183,5225,5074,5098,5126,5050,5081,5106,5012,4969,5078,5070,5097,5005,4992,5055,5071,4989,5078,4961,4920,5132,5113,5056,4992,4982,4974,4952,5005,4908,4959,4990,4975
735_1,5549,5607,5380,5580,5730,5705,5746,5712,5838,5864,5818,5751,5798,5666,5736,5625,5660,5689,5727,5772,5683,5786,5791,5726,5776,5678,5725,5760,5813,5676,5690,5819,5627,5770,5843,5790,5734,5651,5737,5717,5708,5732,5783,5751,5863,5680,5642,5691,5842,5769,5714,5710,5670,5668,5783,5804,5730,5762,5750,5732,5680,5779,5692,5662,5695
pos_2,6125,6255,6200,6214,6307,6300,6202,6222,6415,6787,8847,27398,166300,161184,159888,157302,153138,147759,143348,140157,133527,129185,123212,119270,114004,107876,103525,99736,95476,91368,87609,85811,83734,81175,79950,78558,77809,76382,77070,75130,75384,74539,74511,75177,73788,74341,74971,75227,73903,74007,73390,73489,73679,73122,73330,73187,72812,72543,72050,72058,72225,72202,71877,72853,72154
SDS_2,4529,4519,4448,4457,4402,4436,4477,4453,4528,4452,4494,4519,4443,4457,4435,4551,4480,4494,4506,4449,4450,4520,4435,4570,4468,4542,4540,4572,4516,4499,4514,4472,4571,4558,4468,4463,4518,4488,4501,4485,4479,4497,4474,4485,4381,4470,4461,4429,4408,4450,4446,4412,4400,4427,4403,4427,4433,4469,4409,4453,4427,4389,4418,4428,4412
166_2,6134,6051,6085,6313,6403,6483,6484,6494,6436,6369,6406,6414,6346,6382,6419,6463,6345,6377,6324,6425,6407,6330,6270,6360,6360,6316,6351,6256,6263,6281,6219,6198,6201,6209,6193,6244,6061,6154,6186,6107,6152,6161,6117,6093,6056,6117,6065,6024,6005,6077,6003,5979,5994,6116,5982,6000,5983,5920,6022,16722,44789,42900,39991,38249,36286
250_2,5652,5506,5493,5483,5484,5427,5475,5409,5527,5515,5549,5562,5576,5701,5660,5730,5816,5891,5888,5788,5853,6039,5869,5863,5907,5940,5815,5879,5848,5837,5931,5783,5804,5924,5728,5776,5742,5700,5672,5716,5737,5628,5672,5671,5598,5795,5669,5683,5643,5697,5709,5827,9896,55873,74115,62529,58386,55307,53590,53257,52251,51087,50637,49672,49783
333_2,6164,6289,6182,6291,6214,6455,6482,6625,6645,6631,6568,6562,6652,6637,6588,6592,6566,6512,6505,6443,6504,6493,6469,6466,6457,6380,6423,6374,6285,6367,6235,6174,6212,6258,6218,6255,6220,6353,6297,6313,6401,6356,6291,6395,6277,6372,6376,6414,6360,6358,6375,6292,6310,6345,6274,6288,6139,6273,6204,6215,6139,6156,6196,6249,6164
353_2,5827,5808,5718,5746,5784,5722,5659,5772,5810,5847,5791,5737,5781,5785,5844,5819,5832,5744,5861,5800,5746,5829,5959,5677,5764,5924,5781,6318,9189,17493,57411,57016,53800,46797,44372,40832,38138,37434,36703,34129,34086,32755,31502,31484,30354,29496,29473,28140,28647,28711,27961,28152,28369,26825,28491,27708,27600,27568,27928,27829,27214,27272,27186,26832,27370
360_2,5588,5586,5419,5548,5469,5430,5430,5472,5552,5550,5517,5565,5596,5519,5714,5889,5830,5828,5995,5935,5932,5921,5809,5858,5877,5917,5774,5843,5875,6066,7314,13970,59218,55102,49941,46287,44211,42300,41818,41098,41386,41231,41431,41465,41717,42041,42386,42477,42791,42601,43240,42510,43321,42860,43174,42090,42753,43212,42835,43481,43120,43249,43043,43033,43131
363_2,5926,5914,5936,5902,6041,6291,6437,6418,6365,6353,6363,6350,6445,6413,6491,6382,6463,6401,6331,6407,6397,6501,6290,6249,6319,6174,6339,6286,6294,6275,6206,6273,6255,6291,6204,6184,6198,6171,6134,6145,6230,6155,6139,6063,6069,6192,6149,6153,6102,6080,6085,6092,6064,6017,6091,6010,5991,6031,5904,6000,5968,5881,5962,5940,5870
376_2,6208,6024,6207,6419,6402,6630,6591,6387,6513,6667,6703,6683,6688,6703,6781,6798,6770,6747,6593,6654,6735,6683,6690,6722,6731,6525,6687,6541,6645,6468,6563,6539,6552,6603,6500,6491,6521,6425,6589,6515,6446,6471,6462,6471,6409,6417,6444,6459,6420,6576,6411,6367,6499,6459,6360,6241,7924,25053,97758,84597,76678,71172,66775,64510,63710
384_2,5996,5947,5901,5901,5863,5997,5966,5985,5996,6019,5966,6084,6056,6014,5998,5983,5896,5965,5880,5907,5933,5859,5990,6047,6020,6070,6032,5988,6041,6071,6084,5994,6090,6065,6142,5977,5865,6083,6033,5938,5953,5868,5905,5978,5927,5938,5873,6005,5975,5784,5899,5937,5929,6017,6038,6000,6065,10037,48108,69278,63779,59301,54745,51353,48591
508_2,5236,5164,5105,5155,5194,5106,5095,5087,5077,5217,5069,5060,5062,5028,5125,5132,5145,5084,5157,5089,5106,5108,5078,5071,5047,5058,5047,5001,5013,5041,5058,4968,4971,4959,4936,5046,5004,4913,4951,5044,4933,4924,5033,5033,5120,4975,4991,4950,5001,4939,4912,4948,4872,4879,4883,4866,4930,4975,4847,4986,4898,4839,4932,4858,4896
735_2,5374,5411,5248,5236,5341,5210,5389,5355,5372,5292,5358,5370,5338,5367,5239,5280,5322,5275,5247,5253,5153,5286,5246,5517,5675,5577,5545,5540,5492,5500,5611,5487,5644,5523,5551,5556,5537,5489,5523,5551,5514,5699,6468,9602,16703,21518,185056,162461,151500,145926,143029,141880,141252,139873,139864,140569,139718,139449,140870,139941,141336,141723,141079,142184,142051
pos_3,6269,6425,6437,6546,6540,6387,6537,6960,12858,85119,164632,165973,163883,158896,153784,146655,139404,133445,129174,123998,120597,117894,116531,113324,110911,108919,107375,106800,108900,105004,105397,103607,104331,101845,102260,101451,101867,102451,101803,103413,100822,100328,100309,102078,99201,96391,96368,97792,95444,98407,94936,95516,98006,92935,94164,92634,90477,90964,90556,90766,89936,90006,89225,90172,89100
SDS_3,4596,4540,4510,4587,4547,4515,4545,4474,4580,4447,4471,4525,4517,4565,4622,4582,4440,4469,4565,4496,4611,4414,4597,4491,4487,4496,4505,4479,4478,4476,4563,4516,4519,4507,4494,4540,4545,4452,4470,4550,4549,4494,4502,4558,4571,4502,4537,4475,4466,4432,4430,4469,4496,4538,4395,4451,4436,4449,4390,4475,4436,4506,4424,4445,4437
166_3,6074,5949,5904,5914,6041,6001,6019,6020,5989,6060,6119,6084,6115,6048,6061,6021,6084,6026,6176,6151,6114,6196,6151,6099,6037,6056,6097,5976,5975,6018,6044,6111,6111,6185,6051,6014,6016,5933,5953,6029,5932,5946,5883,5934,6003,5970,6015,5897,5772,5936,5857,5850,5822,5856,5752,5776,5732,5721,5826,5729,5790,5715,5669,5649,5634
250_3,5524,5413,5496,5404,5248,5366,5448,5407,5318,5413,5437,5326,5530,5429,5470,5455,5466,5535,5565,5516,5553,5519,5549,5504,5549,5545,5596,5589,5602,5508,5572,5446,5456,5466,5457,5452,5536,5434,5460,5429,5397,5574,5511,5509,5616,5497,5477,5468,5619,5567,5522,5366,5476,5495,5343,5462,5191,5320,5392,6848,15119,154066,132742,112309,101884
333_3,6133,6075,6028,6122,6084,6001,6042,6092,5998,6086,6231,6332,6176,6304,6250,6220,6302,6351,6278,6302,6305,6294,6255,6245,6334,6175,6243,6409,6274,6180,6272,6183,6161,6110,6200,6167,6150,6058,6057,6076,6310,11925,107747,185961,179775,165783,140545,133080,122869,116949,115171,110061,108759,105721,105705,108005,105730,105805,105235,105436,105700,107726,109013,107263,107075
353_3,5694,5529,5430,5545,5479,5532,5525,5559,5601,5536,5516,5519,5493,5511,5564,5582,5538,5559,5502,5509,5527,5613,5677,5624,5582,5667,5524,5512,5553,5556,5509,5527,5513,5481,5409,5453,5439,5472,5473,5441,5412,5505,5370,5394,5375,5351,5436,5411,5589,8024,25249,39150,30071,25928,23802,21773,22781,20416,19386,21435,20809,19806,19082,20148,22187
360_3,5478,5359,5377,5299,5273,5311,5267,5410,5510,5695,5761,5718,5693,5736,5832,5813,5824,5833,5824,5815,5744,5770,5780,5774,5784,6048,7857,23575,59168,51192,47173,44286,43159,41874,41188,40931,40420,40889,40756,40789,40718,40872,41437,41624,41398,41266,41907,41544,41597,42016,42198,42106,42194,41709,42252,41907,41535,42177,41814,42027,41976,42289,41907,41758,41387
363_3,5590,5523,5499,5451,5458,5472,5423,5488,5573,5609,5548,5574,5658,5746,5758,5679,5746,5701,5767,5877,5782,5846,5966,5901,5895,6006,6132,6135,6865,9675,35281,69514,60204,55837,54176,53424,51933,52263,52898,51774,52345,52036,51390,53002,52471,52057,52488,52067,52966,53342,52324,51463,51978,51655,52741,53424,51531,53109,52024,51856,51353,52712,52270,51863,52299
376_3,4681,4543,4476,4577,4541,4580,4624,4561,4581,4523,4628,4577,4599,4573,4606,4507,4578,4604,4569,4483,4565,4579,4528,4518,4524,4498,4573,4964,6050,7939,10437,13669,18592,24800,31635,38672,46285,52444,54595,57168,57006,56788,57967,60890,57985,57764,58595,60622,60283,63013,61242,61654,60798,62125,64604,64200,62569,66491,69613,62034,63325,63485,65541,65622,63406
384_3,6004,5862,5819,5832,5864,5859,5857,5910,5910,5956,5941,5997,6025,5925,5932,6000,5938,5924,5950,5960,5983,5926,5962,5928,5927,5938,5937,6054,5947,5970,6075,7260,11548,45408,76610,73323,68370,63888,59803,56090,53137,51436,51792,48281,48472,46374,45520,47355,46753,45862,44962,45170,44547,46319,47321,45792,45289,44850,45409,45670,46102,44167,46455,45410,45062
508_3,5326,5198,5039,5159,5172,5048,5109,5140,5018,5118,5139,5199,5213,5135,5095,5156,5132,5166,5096,5134,5057,5155,5104,5024,5084,5065,5018,5071,5021,5173,5075,5064,5116,5294,5386,5742,6318,7397,9568,23327,72353,173277,185851,194375,186704,181973,179392,179571,179707,179634,177548,176692,179076,176908,180542,182819,179277,179888,179656,181306,179613,180691,183620,181783,181550
735_3,5386,5256,5196,5191,5329,5266,5371,5343,5391,5398,5401,5393,5442,5330,5433,5359,5270,5280,5267,5294,5311,5283,5288,5292,5313,5292,5289,5261,5252,5180,5178,5227,5272,5240,5299,5147,5196,5267,5328,5283,5415,5292,5276,5290,5381,5381,5391,5340,5326,5376,5472,5420,5490,5511,5436,5486,5506,5506,5550,5550,5500,5646,5631,5624,5608
pos_4,6279,6309,6341,6414,6485,6378,6472,6480,7653,19259,68823,85023,85811,85903,85195,84170,81886,80470,78408,75704,74118,70736,68776,66542,64012,62225,60239,59309,57372,56861,55697,55135,54592,54296,54497,54409,54307,54408,54262,54150,54101,54418,53822,53796,53924,53931,53782,53713,53492,53412,53603,53434,53351,53317,52970,52866,53179,53400,52679,52929,52688,52625,52863,52345,52377
SDS_4,4616,4519,4483,4481,4461,4416,4389,4536,4449,4437,4519,4426,4452,4444,4397,4475,4451,4451,4451,4493,4411,4445,4464,4462,4429,4382,4462,4435,4440,4451,4404,4405,4431,4422,4413,4308,4389,4402,4463,4465,4373,4409,4368,4424,4322,4431,4433,4382,4413,4427,4446,4426,4362,4397,4402,4362,4396,4341,4316,4386,4336,4375,4277,4383,4407
166_4,5857,5799,5827,5924,5941,5901,5911,5953,5940,5916,5876,6007,5906,5981,5961,5907,5908,5923,5911,5920,5981,6018,6139,6032,6019,6098,5998,5982,5930,6086,5956,5950,5940,6108,6209,7963,44380,165112,150785,134661,120885,110260,101548,94898,89938,87508,83045,82236,80829,78483,76453,75540,76057,73944,74238,73044,72469,72486,71712,70748,71308,70507,69841,69541,70035
250_4,5578,5472,5542,5491,5592,5667,5731,5780,5682,5764,5807,5876,5795,5826,5832,5820,5802,5736,5772,5783,5781,5805,5779,7188,13698,37449,59916,53628,49118,45065,43652,42817,41764,41444,41171,41108,40991,41383,40905,40245,40774,40820,41264,41216,41082,41018,42076,41368,42225,41934,42199,42322,42986,42961,43840,43783,44484,43813,44839,44529,44386,45018,45035,45119,45206
333_4,6034,6115,6279,5980,6130,6130,6060,6165,6226,6099,6213,6199,6233,6137,6476,6400,6387,6384,6454,6301,6332,6441,6285,6531,6354,6368,6330,6271,6322,6267,6283,6264,6416,6308,6155,6280,6129,6246,6083,6209,6105,6133,6063,6098,6068,6053,6187,6209,5995,6028,6074,5996,6143,14888,105121,131198,126883,119564,115875,112366,106499,106403,103611,101708,101975
353_4,5470,5387,5266,5371,5329,5328,5261,5304,5277,5301,5248,5318,5327,5203,5173,5207,5163,5287,5178,5225,5232,5185,5180,5237,5214,5245,5214,5137,5121,5221,5325,5344,5535,6144,8768,23243,45871,45606,44844,40600,36991,35244,33692,32190,31054,29721,27074,25866,24954,24172,24554,23635,23550,23255,22329,21715,22386,21706,21523,21111,20817,20627,21112,20282,20637
360_4,5500,5580,5524,5567,5700,5780,5897,5874,5835,5870,5925,5871,5933,5912,5946,5961,5977,6218,6826,9346,41580,68469,61211,55771,51118,49089,47961,46519,46281,46030,45329,45231,45726,44684,44942,45152,44906,45078,44841,45501,45215,45364,45254,45740,45678,45363,45327,45254,45668,45620,45610,45236,45324,45340,45310,44791,45125,44969,45066,45096,44935,45473,45099,45027,45160
363_4,5446,5401,5318,5289,5241,5220,5259,5202,5227,5161,5244,5181,5190,5218,5188,5185,5182,5226,5298,5272,5209,5271,5290,5184,5279,5292,5210,5332,5394,5274,5425,5350,5398,5466,5451,5398,5388,5488,5571,5644,5599,5684,5681,5660,5546,5682,5656,5755,5639,5766,5679,5551,5614,5618,5559,5454,5470,5544,5564,5564,5506,5551,5512,5548,5486
376_4,6166,6158,6135,6069,6153,6528,6718,6685,6677,6784,6626,6757,6724,6797,6636,6623,6532,6589,6563,6695,6702,6580,6645,6686,6607,6715,6563,6568,6580,6497,6478,6319,6422,6332,6301,6325,6350,6332,6267,6395,6326,6316,6255,6319,6247,6370,6251,6253,6293,6271,6204,6229,6140,6266,13536,59086,56266,51416,46497,43779,41172,41761,39964,39221,39146
384_4,5870,5899,5957,5818,5826,5952,5919,5857,5884,6007,6015,5939,6044,5902,5843,5967,5930,5898,5890,5915,5929,5914,5956,5989,6009,5999,5940,6046,6128,6303,6636,10089,23890,119867,116229,104891,95018,88781,83154,76811,72073,68033,65858,64643,62762,59436,58284,57035,56383,56227,55489,56125,55234,54811,54379,54204,53858,54133,54375,54100,54251,54372,53815,54414,54592
508_4,5328,5122,5166,5159,5160,5153,5153,5132,5053,5132,4998,5129,5096,5125,5042,5136,5192,5171,5083,5208,5201,5192,5224,5141,5253,5184,5278,5196,5234,5222,5308,5269,5254,5387,5345,5276,5297,5323,5382,5289,5249,5308,5269,5321,5286,5291,5223,5285,5207,5227,5199,5140,5252,5164,5116,5208,5179,5155,5159,5208,5253,5174,5148,5186,5182
735_4,5443,5357,5252,5405,5274,5384,5532,5391,5362,5398,5379,5428,5340,5519,5382,5424,5470,5435,5383,5370,5481,5504,5524,5713,5770,5792,5807,5806,6010,5957,5877,5850,5943,5985,5872,5960,5997,5999,5886,5969,5817,5822,5814,5836,5862,5895,6000,5912,5903,5955,5947,6090,6183,5941,5890,5972,5989,6000,5840,6004,5844,5951,5956,5915,5868
neg_1,6481,6616,6724,6750,7017,7093,7041,6959,7061,6980,7064,7135,7088,7107,7161,7185,7222,7147,7034,7080,7081,7168,7072,6886,7072,7083,7084,6941,6950,7038,6932,6909,6893,6871,6875,6806,6959,6889,6861,7326,6894,7179,7030,6666,6855,6913,7108,6754,6681,6728,6863,7093,6665,6886,6784,6954,6630,6694,6954,6815,6741,6773,6870,6456,6631
blank_1,4968,5002,4959,5035,5138,5077,5049,5018,5008,5011,5048,4998,4948,4973,4881,4929,4989,4912,4970,4939,4897,4931,4945,4882,4856,4892,4823,4859,4895,4918,4925,4892,4880,4863,4950,4899,4824,4942,4922,4816,4841,4851,4897,4897,4881,4862,4851,4792,4813,4853,4806,4816,4813,4748,4815,4807,4791,4790,4733,4764,4713,4768,4799,4830,4777
826_1,6234,6352,6405,6575,6701,6670,6774,6688,6533,6618,6608,6663,6677,6683,6690,6499,6559,6509,6549,6493,6505,6575,6489,6493,6438,6475,6512,6521,6408,6429,6584,6574,6573,6448,6411,6359,6436,6421,6436,6394,6460,6446,6276,6353,6485,6505,6549,6431,6346,6394,6305,6381,6446,6365,6277,6230,6198,6300,6367,6269,6339,6300,6192,6257,6163
827_1,6441,6375,6360,6399,6592,6419,6540,6638,6668,6654,6649,6562,6521,6634,6595,6544,6491,6388,6518,6552,6543,6626,6500,6480,6484,6520,6473,6440,6382,6451,6415,6406,6444,6436,6528,6314,6460,6398,6371,6416,6352,6223,6272,6349,6338,6372,6375,6347,6224,6290,6317,6231,6175,6146,6306,6242,6145,6367,6323,6378,6270,6244,6226,6247,6197
828_1,6190,6105,6195,6235,6270,6285,6422,6400,6438,6489,6451,6330,6397,6419,6535,6518,6570,6692,6622,6579,6467,6426,6631,6517,6476,6421,6545,6521,6458,6478,6497,6536,6459,6500,6456,6404,6409,6317,6348,6426,6364,6377,6315,6273,6367,6220,6195,6244,6157,6219,6190,6179,6089,6152,6102,6179,6106,6178,6090,6179,6199,6015,6189,5962,6143
829_1,5840,5759,5743,5768,5777,5740,5741,5766,5766,5842,5807,5746,5768,5711,5705,5774,5792,5778,5870,5720,5819,5812,5897,5969,5987,5900,5992,6096,6095,6024,6160,6133,6188,6147,6141,6092,6062,6061,6165,6072,6140,6067,5969,6004,6035,5895,5957,5856,5837,5732,5868,5783,5770,5740,5681,5724,5703,5688,5725,5727,5630,5696,5663,5632,5635
830_1,6257,6132,6105,6274,6238,6239,6248,6184,6436,6382,6651,6529,6766,6574,6628,6690,6751,6682,6706,6726,6544,6600,6615,6622,6701,6701,6688,6624,6527,6568,6610,6559,6543,6488,6496,6374,6438,6332,6381,6450,6370,6406,6287,6409,6270,6272,6153,6253,6296,6250,6249,6238,6294,6281,6186,6094,6182,6502,6404,6354,6297,6249,6429,6387,6251
831_1,6176,6292,6313,6528,6701,6621,6670,6665,6709,6741,6818,6896,6954,6956,6931,6887,6918,6783,7062,7027,6848,6862,6920,7012,6985,6859,6964,6861,6740,6734,6756,6559,6606,6581,6606,6575,6615,6554,6541,6698,6557,6439,6452,6357,6405,6589,6378,6320,6369,6316,6325,6291,6280,6249,6195,6237,6255,6140,6240,6246,6083,6026,6015,6161,6126
832_1,6064,6203,6313,6338,6475,6416,6345,6504,6573,6493,6503,6541,6376,6400,6643,6542,6692,6662,6669,6652,6589,6552,6608,6336,6338,6375,6441,6452,6529,6462,6487,6207,6343,6252,6315,6444,6477,6361,6278,6413,6428,6360,6294,6256,6253,6340,6327,6340,6379,6358,6401,6478,6449,6337,6521,6338,6320,6187,6395,6298,6364,6133,6237,6095,6183
833_1,6081,6064,6050,6040,5989,5963,5932,6045,6082,6188,6215,6140,6304,6277,6237,6159,6244,6373,6299,6294,6185,6299,6314,6441,6371,6485,6394,6468,6449,6478,6417,6432,6396,6469,6488,6516,6585,6562,6658,6724,6633,6745,6714,6691,6743,6775,6851,6970,6882,6925,6873,7043,6888,6854,6964,6780,6831,6744,6794,7005,7008,6914,6853,6717,6838
834_1,6310,6171,6354,6438,6403,6605,7132,7061,7157,7203,7163,7202,7246,7032,7219,7063,7327,7420,7252,7347,7363,7469,7552,7558,7544,7485,7553,7585,7647,7652,7556,7660,7602,7431,7555,7446,7588,7545,7438,7698,7650,7590,7672,7548,7796,7673,7711,7726,7775,7797,7686,7860,7871,7855,7909,8007,7908,7709,7998,8227,8296,7974,8158,8172,8218
835_1,5968,6104,6128,6234,6315,6378,6518,6556,6495,6634,6634,6702,6643,6580,6568,6672,6628,6661,6730,6667,6684,6720,6660,6645,6683,6523,6638,6681,6662,6632,6682,6539,6577,6599,6639,6609,6513,6475,6539,6451,6499,6475,6532,6442,6516,6549,6442,6396,6364,6455,6324,6371,6507,6286,6327,6439,6347,6209,6277,6318,6278,6382,6306,6272,6272
neg_2,6248,6334,6407,6373,6413,6374,6332,6373,6339,6349,6428,6325,6409,6347,6415,6292,6282,6384,6404,6375,6407,6291,6323,6287,6280,6312,6324,6284,6226,6235,6256,6278,6298,6184,6248,6196,6288,6208,6340,6365,6257,6235,6336,6254,6315,6339,6389,6215,6275,6214,6233,6245,6193,6135,6178,6168,6096,6051,6103,5934,6078,6010,6023,6067,5961
blank_2,4950,4888,4915,4863,4963,4860,4915,4917,4922,4849,4854,4878,4885,4924,4900,4870,4841,4936,4848,4848,4891,4826,4849,4872,4877,4881,4800,4814,4770,4803,4839,4770,4912,4820,4836,4786,4768,4800,4841,4791,4781,4893,4806,4726,4783,4736,4769,4724,4782,4722,4779,4739,4729,4707,4760,4711,4693,4726,4724,4688,4609,4715,4649,4621,4608
826_2,6431,6563,6660,6722,6744,6791,6902,6826,6794,6869,6805,6804,6794,6848,6896,6817,6895,6908,6769,6829,6792,6749,6758,6712,6804,6716,6783,6614,6687,6582,6692,6582,6582,6512,6584,6622,6565,6532,6553,6678,6806,6795,6696,6809,6664,6623,6828,6606,6593,6537,6572,6501,6636,6727,6585,6481,6456,6520,6432,6443,6405,6247,6397,6352,6387
827_2,6072,6076,5956,6116,6080,6123,6108,6127,6182,6128,6183,6162,6125,6079,6090,6123,6013,6008,6038,6002,6115,6012,5868,5942,5882,5883,5942,5925,5908,5766,5897,5802,5956,5848,5872,5939,5901,5934,6015,5904,5919,5900,5920,6049,5963,5906,5864,5798,5769,5751,5694,5693,5635,5717,5687,5673,5760,5642,5712,5750,5846,5688,5716,5607,5633
828_2,6026,6001,6057,6121,6191,6235,6253,6186,6288,6154,6225,6185,6209,6089,6137,6151,6217,6207,6186,6070,6142,6233,6194,6142,6053,6151,6156,6150,6110,6045,6024,6132,6077,6033,6061,6100,6022,6117,6075,6015,6055,6178,6067,6061,6020,6090,6070,5973,6004,6052,6151,6066,6045,6102,6026,5937,5980,5960,5983,5867,5930,5734,5736,5826,5845
829_2,5771,5816,5840,5918,6106,6094,6239,6112,6170,6128,6132,6180,6114,6081,6190,6090,6060,6103,6147,6140,6116,6111,6096,6077,6152,6072,6126,6126,6087,6141,6068,6113,6021,6059,5868,6000,5944,5906,5961,5887,5786,5806,5904,5851,5900,5879,5798,5838,5791,5934,5808,5864,5762,5732,5788,5716,5757,5599,5748,5614,5655,5557,5748,5671,5661
830_2,4635,4621,4573,4593,4614,4549,4494,4460,4535,4465,4504,4568,4514,4492,4480,4469,4498,4476,4491,4443,4442,4508,4448,4474,4492,4502,4452,4487,4441,4489,4378,4409,4381,4454,4428,4995,6882,11487,17931,26233,32784,39539,44660,46490,46653,48086,48991,51643,49799,50356,50747,51354,52349,50962,52325,52118,52801,53063,53724,53883,53769,53579,53207,53436,54133
831_2,6017,6063,6011,6036,5990,6111,6182,6182,6093,6200,6059,6146,6067,6077,6143,6216,6095,6132,6217,6272,6213,6224,6181,6196,6099,6124,6171,6082,6142,6103,6113,6088,6142,6242,6154,6165,6049,6128,6092,6046,6057,5920,6023,5923,6022,6099,6074,6118,6038,6082,6042,6068,5997,6099,6053,6084,6099,6039,6159,6161,5941,6009,6179,5987,6068
832_2,6078,6144,6054,6143,6061,6105,6052,6068,6075,6159,6178,6132,6218,6184,6189,6209,6233,6270,6157,6274,6261,6238,6238,6255,6199,6205,6274,6292,6283,6243,6214,6072,6076,6200,6159,6164,6065,6154,6159,6184,6140,6142,6137,6179,6140,6250,6315,6189,6147,6295,6211,6196,6143,6176,6093,6236,6165,6213,6103,6249,6231,6306,6131,6102,6152
833_2,6159,6208,6182,6298,6349,6380,6346,6395,6470,6479,6610,6495,6475,6332,6402,6436,6400,6418,6496,6425,6391,6439,6417,6303,6356,6465,6435,6303,6413,6340,6397,6414,6354,6299,6338,6413,6371,6628,6395,6548,6494,6465,6359,6496,6370,6487,6386,6523,6358,6469,6297,6528,6492,6467,6431,6452,6360,6360,6364,6436,6332,6258,6338,6399,6324
834_2,6376,6485,6619,6547,6613,6836,6943,7266,7087,7063,7117,7110,7064,7132,7103,7179,6990,6962,7099,7076,6996,7046,7049,7180,7111,7028,7099,6982,7062,7113,7066,7079,7076,7004,7006,6952,7024,7156,6965,6997,6968,6916,6924,6963,6914,6915,6899,6969,6862,7007,6923,6947,6807,6865,6900,6941,7002,7004,6889,7003,6913,6980,6871,6880,6927
835_2,5848,5722,5764,5748,5793,5970,6106,6330,6251,6311,6378,6370,6394,6469,6299,6337,6462,6365,6420,6508,6365,6384,6341,6427,6411,6388,6366,6374,6409,6387,6381,6337,6313,6216,6422,6340,6367,6317,6317,6269,6304,6331,6293,6245,6225,6316,6256,6224,6294,6294,6222,6260,6289,6145,6244,6259,6302,6173,6219,6181,6155,6129,6231,6146,6111
neg_3,6167,6182,6253,6289,6240,6210,6241,6192,6156,6138,6315,6140,6218,6229,6177,6157,6166,6134,6294,6175,6210,6060,6217,6197,6228,6200,6158,6159,6164,6106,6130,6157,6022,6093,6042,5994,6136,6042,6063,6063,6094,6028,6069,6002,6063,5977,6001,6074,6070,5920,6000,6034,6077,6048,6050,6057,6115,6116,6033,6000,6125,6076,6038,6080,6085
blank_3,4790,4717,4697,4763,4710,4759,4793,4753,4796,4774,4807,4787,4742,4749,4791,4748,4759,4645,4732,4779,4767,4681,4760,4735,4695,4755,4634,4708,4758,4762,4706,4740,4690,4681,4688,4733,4708,4722,4766,4661,4718,4612,4717,4651,4753,4722,4647,4685,4670,4591,4670,4715,4709,4643,4669,4678,4862,5620,9356,44126,49916,48432,47211,45147,43444
826_3,6221,6255,6334,6366,6283,6341,6396,6373,6342,6247,6306,6340,6287,6332,6321,6288,6238,6369,6376,6458,6519,6340,6392,6398,6360,6329,6337,6287,6259,6186,6236,6205,6216,6133,6235,6179,6227,6191,6174,6187,6351,6259,6216,6223,6248,6305,6224,6250,6195,6258,6240,6291,6152,6224,6190,6124,6161,6225,6283,6164,6199,6219,6162,6064,6010
827_3,6142,6217,6179,6278,6305,6292,6354,6241,6255,6169,6234,6220,6274,6219,6238,6191,6219,6183,6153,6286,6210,6169,6260,6233,6199,6115,6283,6187,6127,6200,6136,6244,6224,6215,6241,6226,6148,6252,6204,6172,6127,6042,6147,6201,6088,6243,6166,6058,6145,6192,6166,6074,6043,6198,6156,6280,6065,6227,6230,6039,6171,6257,6121,6163,6096
828_3,5856,6062,6023,6110,6179,6173,6012,6196,6144,6106,6030,6059,6101,6082,6114,6054,6032,5960,6113,6024,6005,6009,6014,6040,5945,6028,6125,6018,5954,6064,5955,6094,6072,6066,6005,6056,5935,5896,5974,6004,5858,5864,5871,5915,5985,6033,5989,6001,6057,6117,6117,6021,6028,6094,6059,6037,6024,5994,5965,5946,5996,5881,5872,6016,5885
829_3,5796,5899,5590,5779,5781,5803,5860,5903,5819,5884,5988,5940,5906,5868,5978,6031,6144,6139,6061,6101,6232,6247,6156,6207,6141,6146,6066,6109,6049,6119,6118,6162,6072,6184,6108,6068,6015,6021,6194,6029,6093,6018,5981,5864,5875,5949,5956,5867,5918,5776,6066,5981,5958,5859,5813,5959,5917,5904,5730,5895,5745,5885,5860,5713,5735
830_3,6131,6183,6331,6214,6170,6316,6206,6215,6229,6273,6194,6195,6296,6159,6176,6137,6253,6175,6070,6067,6134,6145,6095,6098,6155,6096,6150,6123,6054,6086,5977,6082,6074,6000,6099,5991,5976,5924,6089,6042,6066,5963,6068,6016,6035,5989,6055,6026,5956,5963,5985,5927,6009,5937,5968,5914,5949,5964,5958,5858,5904,5924,5904,5877,5928
831_3,6290,6316,6302,6515,6517,6569,6764,6581,6730,6889,6789,6837,6859,6864,6862,6820,6893,6842,6721,6783,6912,6823,6788,6791,6813,6793,6723,6777,6629,6746,6734,6672,6776,6653,6634,6720,6727,6684,6753,6749,6591,6656,6623,6682,6534,6541,6498,6450,6427,6379,6302,6352,6378,6275,6405,6219,6406,6336,6388,6375,6345,6075,6399,6448,6393
832_3,6081,6028,5902,6083,6164,6071,6100,6240,6240,6431,6354,6297,6293,6345,6316,6279,6251,6303,6274,6341,6322,6211,6282,6226,6270,6194,6246,6213,6187,6210,6146,6136,6162,6121,6170,6160,6146,6149,6244,6302,6256,6246,6223,6134,6219,6165,6137,6190,6049,6178,6172,5996,5933,6051,5975,5938,5973,5950,5969,5935,6074,6069,6116,6114,6026
833_3,6151,6122,6141,6214,6232,6296,6408,6610,6591,6592,6625,6568,6486,6579,6496,6454,6436,6591,6505,6491,6531,6471,6361,6416,6409,6460,6464,6367,6368,6465,6399,6382,6365,6438,6356,6356,6458,6305,6324,6266,6241,6319,6276,6294,6359,6267,6248,6196,6199,6255,6123,6198,6126,6241,6244,6132,6130,6170,6160,6007,6110,6049,6069,6126,6148
834_3,6228,6232,6437,6319,6319,6334,6482,6549,6792,6983,7112,6904,6869,6967,6893,6783,6956,6908,6915,6869,6890,6807,6761,6853,6823,6630,6806,6785,6584,6745,6727,6714,6621,6661,6729,6628,6733,6780,6852,6691,6882,6936,6714,6669,6718,6615,6665,6552,6600,6516,6564,6530,6560,6690,6759,6366,6437,6364,6359,6344,6436,6323,6331,6352,6432
835_3,5661,5736,5594,5653,5690,5763,5902,6205,6171,6144,6238,6248,6247,6217,6279,6255,6350,6309,6263,6237,6369,6268,6360,6319,6307,6213,6353,6268,6362,6388,6316,6280,6295,6299,6272,6325,6264,6312,6311,6351,6276,6239,6340,6337,6185,6210,6257,6283,6378,6282,6308,6217,6310,6208,6356,6334,6071,6149,6054,6180,6192,6134,6055,6031,6147
neg_4,6105,6258,6189,6185,6256,6193,6187,6162,6229,6272,6238,6224,6265,6266,6159,6286,6165,6092,6163,6056,6208,6076,6104,6163,6084,6109,6056,6186,6224,6024,6049,6046,6114,6085,6104,6061,6060,6039,6217,6128,6061,6093,6081,6123,6037,6043,6139,6362,6123,6147,6232,6234,6271,6233,6367,6191,6242,6217,6220,6192,6227,6184,6220,6163,6212
blank_4,4956,4926,4972,5134,5017,5030,5173,4989,5053,4990,5082,5069,5012,4964,5049,5038,5046,4961,4925,4988,4944,4943,4927,5041,4954,5040,4900,5060,4987,5052,4959,5051,4897,4879,4988,4927,4966,4896,4976,4954,4922,4899,4904,4922,4885,4879,4921,4893,4939,4897,4893,4877,4902,4792,4908,4841,4872,4876,4759,4881,4880,4903,4840,4828,4764
826_4,6409,6437,6418,6513,6529,6510,6688,6714,6823,6554,6568,6790,6871,6797,6804,6728,6767,6705,6577,6594,6681,6674,6716,6772,6816,6813,6830,6718,6796,6680,6766,6787,6696,6684,6700,6734,6742,6593,6760,6688,6728,6753,6796,6709,6735,6663,6787,6695,6538,6778,6604,6513,6609,6584,6592,6509,6385,6598,6460,6435,6367,6328,6234,6251,6317
827_4,6338,6266,6405,6377,6398,6450,6379,6356,6401,6368,6328,6354,6343,6264,6289,6311,6365,6338,6429,6452,6466,6542,6510,6309,6500,6494,6535,6488,6715,6624,6568,6706,6607,6673,6640,6708,6585,6616,6642,6618,6456,6508,6486,6478,6437,6407,6399,6338,6413,6257,6353,6391,6352,6320,6348,6275,6295,6318,6266,6327,6262,6137,6269,6296,6215
828_4,6245,6261,6247,6409,6355,6381,6468,6531,6501,6629,6638,6503,6438,6535,6482,6503,6562,6443,6368,6330,6345,6383,6336,6353,6258,6331,6420,6491,6363,6410,6580,6571,6531,6520,6519,6530,6514,6704,6510,6573,6567,6571,6481,6427,6472,6455,6386,6435,6460,6399,6440,6526,6412,6248,6386,6413,6250,6302,6239,6293,6113,6170,6155,6306,6233
829_4,6017,5967,6020,6007,6120,6170,6152,6166,6273,6241,6292,6414,6586,6546,6667,6500,6573,6467,6515,6522,6502,6504,6465,6434,6400,6335,6346,6324,6292,6433,6274,6329,6274,6245,6241,6214,6202,6194,6166,6133,6179,6193,6143,6180,6231,6080,6144,6090,6133,6038,6079,6043,6007,6101,6057,6086,6113,6115,6169,6028,5983,5998,5968,5987,5978
830_4,6372,6473,6410,6516,6426,6550,6576,6572,6712,6712,6516,6555,6722,6730,6845,6749,6727,6796,6778,6866,6834,6836,6867,6746,6762,6753,6810,6677,6734,6536,6576,6504,6472,6451,6628,6465,6547,6590,6692,6577,6556,6401,6320,6395,6550,6436,6692,6552,6598,6436,6340,6346,6314,6372,6496,6467,6477,6463,6518,6524,6417,6321,6275,6244,6154
831_4,6342,6339,6315,6537,6793,6955,6941,6917,6847,6907,6860,6795,6786,6876,6985,6730,6662,6788,6849,6930,6957,6996,6989,6976,6961,6912,6981,6917,6811,6825,6701,6686,6662,6612,6631,6677,6803,6754,6799,6560,6513,6475,6424,6380,6527,6422,6493,6528,6486,6537,6548,6510,6517,6422,6405,6440,6464,6383,6373,6320,6378,6213,6287,6299,6240
832_4,6153,6186,6308,6244,6267,6419,6347,6430,6355,6452,6411,6451,6482,6659,6586,6549,6566,6500,6470,6412,6334,6608,6553,6530,6676,6626,6705,6741,6623,6595,6630,6713,6470,6536,6505,6391,6512,6429,6717,6511,6506,6617,6527,6572,6673,6657,6571,6569,6564,6645,6607,6531,6600,6553,6454,6500,6457,6552,6461,6472,6477,6448,6393,6444,6296
833_4,6227,6531,6329,6332,6442,6674,6891,6788,6817,6831,6791,6766,6877,6752,6657,6684,6733,6731,6699,6744,6743,6746,6645,6683,6684,6602,6665,6554,6586,6582,6632,6532,6588,6667,6566,6619,6596,6652,6769,6532,6497,6533,6697,6615,6598,6655,6534,6550,6473,6488,6470,6511,6468,6429,6422,6411,6408,6325,6392,6380,6343,6271,6321,6333,6226
834_4,6147,6333,6544,6500,6597,7003,6919,7142,6998,7072,7065,7036,7040,7084,7253,7109,6920,7131,7091,7111,7162,6993,7184,7068,6975,7052,7071,7006,7057,6998,7002,6902,7023,6978,6868,7046,6875,6949,6909,6967,6835,6883,6722,6716,6651,6837,6816,6780,6771,6666,6832,6735,6666,6597,6614,6631,6561,6525,6512,6546,6710,6512,6464,6521,6490
835_4,5577,5427,5472,5482,5466,5519,5512,5517,5586,5679,5615,5590,5569,5657,5535,5657,5711,5680,5742,5710,5788,5768,5764,5810,5794,5854,5885,5824,5824,5921,5859,5887,5795,5805,5834,5859,5793,5920,5924,5906,5895,6011,6001,5995,5953,5999,6015,5999,5911,6105,6023,5996,5980,5960,5911,6102,5968,5907,5956,6076,5947,5981,5915,5921,5916
pos_11,7992,8153,8343,8890,9790,10658,11704,12910,13549,13846,14404,14470,14529,14115,14301,15298,16345,19215,30768,50966,67396,260000,260000,260000,260000,260000,260000,260000,260000,260000,260000,260000,260000,260000,260000,260000,260000,260000,260000,260000,260000,260000,260000,260000,260000,260000,260000,260000,260000,260000,260000,260000,260000,260000,260000,260000,260000,260000,260000,260000,260000,260000,260000,260000,260000
SDS_11,5544,5402,5475,5451,5587,5398,5315,5265,5321,5504,5401,5350,5411,5443,5438,5439,5287,5403,5343,5286,5409,5500,5474,5498,5441,5427,5379,5475,5429,5563,5560,5374,5396,5435,5488,5467,5492,5494,5474,5375,5283,5354,5517,5389,5381,5399,5385,5070,5087,4991,4954,4992,5071,5099,5141,5090,5143,5142,5188,5167,5289,5286,5313,5299,5325
166_11,7848,7840,7771,7833,7853,7831,7925,7871,7989,7876,7976,7719,7673,7668,7731,7677,7555,7425,7426,7388,7385,7258,7174,7168,7128,7128,7125,6933,7114,7107,6978,6949,6892,6876,6842,6854,6853,6658,6756,6678,6708,6900,6816,6828,6908,7248,7598,9335,12839,23701,34932,45131,50739,53759,54954,57807,56874,58359,61513,60233,59888,60545,61118,60385,60412
250_11,7181,6922,6759,6761,6801,6671,6787,6635,6735,6644,6791,6796,6865,6899,6847,6862,6946,6813,6770,6862,6752,6904,6969,6898,6844,6998,7092,7152,7129,7358,7535,7774,7947,8305,8677,9153,9715,10491,11566,12719,14681,19454,47165,106142,143748,149613,148060,123584,133492,140716,142545,143737,144979,147853,150277,150093,148730,149556,150941,150669,157700,148682,148371,147842,149770
333_11,7243,7080,7076,7102,7123,7061,6920,7077,7063,6979,7065,6993,6959,7062,7123,6979,6867,7039,6966,6916,7064,6968,7068,6830,6996,6833,6816,6859,6879,6977,7032,6834,6899,6933,6903,6947,6797,6696,6862,6953,6820,6671,6822,6677,6786,6717,6793,5836,5748,5761,5775,5711,5599,5552,5604,5636,5642,5670,5581,5592,5584,5688,5592,5708,5567
353_11,6824,6654,6585,6495,6524,6432,6525,6372,6480,6421,6416,6464,6448,6500,6466,6460,6448,6482,6506,6512,6430,6492,6337,6422,6430,6523,6328,6484,6506,6400,6402,6333,6411,6398,6350,6341,6416,6351,6392,6376,6422,6419,6396,6368,6330,6286,6347,5454,5493,5407,5457,5454,5320,5390,5289,5363,5398,5435,5341,5346,5332,5390,5389,5388,5289
360_11,7146,6772,6688,6709,6682,6648,6583,6732,6580,6666,6672,6719,6625,6681,6674,6624,6607,6643,6628,6656,6691,6679,6643,6564,6639,6648,6586,6722,6662,6770,6675,6663,6598,6751,6856,6755,6639,6825,6775,6786,6781,6806,6772,6934,6882,7005,7050,6268,6676,7518,19080,87216,84828,79616,75216,69517,67251,62644,60174,58516,60187,56677,56877,56340,54781
363_11,6857,6621,6706,6621,6566,6541,6605,6525,6486,6466,6456,6495,6458,6550,6436,6571,6345,6611,6432,6415,6372,6391,6512,6361,6459,6390,6279,6362,6382,6309,6421,6307,6237,6360,6344,6353,6263,6244,6267,6299,6248,6207,6395,6293,6383,6362,6279,5476,5452,5380,5420,5392,5355,5490,5320,5415,5448,5564,5728,6060,7449,10111,13703,21880,50650
376_11,7782,7575,7629,7635,7598,7666,7802,7718,7758,7744,7820,7644,7738,7711,7653,7822,7706,7803,7884,7756,7718,7882,7836,7724,7938,7899,7880,7776,7927,7908,7817,7729,7775,7791,7866,7880,7811,7847,7907,7807,7902,7696,7824,7728,7853,7769,7706,6203,6056,6100,6003,6147,6083,6077,5948,5996,5976,5903,6172,7308,14254,40974,38500,34180,33319
384_11,7369,7359,7253,7287,7336,7306,7409,7348,7384,7373,7489,7369,7472,7359,7323,7379,7378,7470,7410,7392,7369,7421,7388,7525,7463,7414,7483,7545,7408,7427,7463,7558,7653,7665,7563,7640,7653,7554,7565,7672,7947,7861,7767,7920,7820,7668,7805,6288,6136,6060,6162,6133,6210,6322,6732,8502,13495,54918,55816,52980,53108,49520,48046,44731,42423
508_11,6462,6321,6224,6119,6087,6121,6123,6122,6235,6090,6164,6108,6095,6212,6390,6211,6256,6338,6328,6232,6245,6424,6352,6304,6311,6343,6457,6388,6337,6499,6390,6358,6406,6429,6446,6475,6489,6429,6505,6383,6292,6451,6578,6464,6371,6486,6317,5559,5435,5419,5368,5405,5461,5509,5407,5405,5487,5352,5516,5361,5355,5492,5461,5454,5437
735_11,6680,6611,6585,6628,6410,6401,6360,6277,6196,6217,6244,6255,6186,6216,6169,6190,6294,6169,6118,6152,6228,6205,6212,6157,6164,6216,6118,6223,6217,6196,6140,6257,6240,6142,6232,6193,6224,6234,6145,6220,6265,6230,6159,6218,6265,6193,6197,5406,5361,5350,5318,5336,5385,5396,5418,5415,5380,5452,5422,5467,5468,5511,5432,5430,5469
pos_21,7686,7622,7548,7533,7703,7571,7666,7672,7747,7781,8478,9455,10450,14068,43180,82242,85002,84916,83284,83014,83411,80178,78048,75280,73056,71298,67840,65175,63402,60588,58990,56952,56795,55655,54577,54865,54991,54767,54235,54159,53994,53935,53892,53796,54004,54123,54069,41707,41587,41465,41197,41237,41243,40578,40415,40357,40751,40196,40095,39726,39994,39554,38912,38925,38355
SDS_21,5464,5460,5330,5360,5426,5371,5473,5368,5343,5402,5301,5378,5312,5506,5397,5448,5421,5339,5383,5394,5358,5303,5523,5419,5343,5384,5315,5368,5389,5298,5409,5354,5300,5421,5274,5337,5288,5357,5249,5238,5355,5310,5347,5308,5300,5291,5214,4866,4901,4836,4772,4913,4770,4828,4876,4853,4806,4812,4939,4863,4900,4871,4837,4986,4889
166_21,7377,7253,7251,7229,7235,7305,7282,7340,7403,7325,7468,7552,7537,7716,7622,7668,7636,7514,7606,7741,7567,7653,7512,7469,7715,8391,9250,10860,14634,20474,72387,84018,80904,78879,75543,73865,70355,69751,65466,67267,65029,61057,61980,61133,59903,59173,58505,44569,46403,44316,44613,44438,43077,44461,44832,44965,43536,43067,43696,45416,43046,44765,44172,43875,43523
250_21,6780,6535,6475,6452,6476,6457,6344,6410,6460,6482,6300,6299,6263,6253,6344,6411,6435,6304,6357,6319,6330,6405,6409,6198,6349,6324,6533,6393,6307,6182,6374,6318,6276,6295,6312,6332,6356,6329,6261,6308,6311,6271,6263,6265,6092,6153,6178,5368,5421,5327,5329,5391,5243,5303,5364,5362,5339,5246,5300,5347,5181,5405,5446,5883,8064
333_21,7466,7405,7510,7473,7497,7344,7458,7477,7417,7444,7465,7380,7423,7398,7430,7440,7387,7406,7342,7320,7443,7460,7409,7350,7492,7316,7430,7421,7382,7349,7388,7210,7432,7249,7262,7357,7365,7349,7341,7224,7115,7175,7306,7196,7150,7234,7157,5900,5730,5786,5630,5598,5859,5713,5790,5977,7000,9759,45893,53229,48131,47155,44953,41962,39900
353_21,7073,6959,6819,6963,6866,6769,6863,6838,6814,6826,6784,6849,6772,6851,6775,6728,6790,6752,6755,6795,6816,6787,6740,6830,6880,6908,6880,6866,6950,6905,6881,6726,6920,6825,6822,6781,6844,6858,6820,6899,6736,6780,6799,6770,6777,6782,6761,5713,5692,5654,5726,5645,5596,5560,5504,5518,5587,5396,5444,5432,5397,5522,5500,5622,5694
360_21,7076,6944,6731,6731,6680,6726,6712,6647,6831,6653,6780,6724,6626,6776,6756,6815,6814,6716,6792,6871,6738,6810,6728,6723,6702,6708,6766,6863,6728,6672,6737,6833,6943,7166,7489,8242,8544,8966,9971,11562,18404,67030,63972,59761,56082,54750,53798,40569,39858,39327,38427,38676,38131,38102,37666,37489,37771,37663,37649,37370,37128,35770,36433,36408,36378
363_21,7007,6776,6787,6657,6773,6682,6585,6611,6603,6580,6630,6542,6551,6582,6547,6457,6481,6555,6561,6624,6589,6538,6547,6562,6513,6508,6468,6561,6466,6477,6582,6508,6592,6584,6407,6424,6526,6653,6630,6548,6684,6668,6631,6623,6666,6702,6708,5727,5599,5552,5558,5591,5603,5585,5619,5575,5772,5673,5732,5683,5623,5582,5723,5694,5778
376_21,7449,7429,7540,7327,7419,7444,7476,7503,7384,7340,7398,7357,7393,7206,7302,7235,7375,7360,7185,7199,7239,7186,7234,7284,7237,7277,7273,7198,7181,7141,7360,7199,7112,7168,7200,7176,7061,7125,7096,7062,7221,7041,7116,7144,7080,7150,6900,5923,5688,5853,5744,5677,5719,5724,5693,5675,5676,5681,5593,5659,5781,5579,5746,5591,5732
384_21,7339,7222,7421,7194,7268,7258,7197,7260,7262,7090,7179,7212,7108,7186,7193,7258,7248,7255,7204,7181,7148,7161,7313,7164,7284,7170,7178,7092,7163,7137,7208,6980,7044,7082,7159,7064,7024,7104,7153,6991,6999,7011,7050,6978,6989,7058,7091,5851,5733,5797,5627,5775,5744,5728,5661,5616,5709,5679,5656,5647,5589,5525,5577,5568,5636
508_21,6606,6489,6348,6371,6234,6207,6025,6113,6135,6193,6136,6062,6162,6323,6163,6260,6096,6169,6127,6255,6250,6290,6138,6246,6295,6256,6389,6273,6418,6329,6322,6408,6244,6253,6223,6253,6240,6187,6329,6226,6153,6268,6219,6147,6187,6197,6274,5392,5327,5312,5358,5392,5356,5297,5307,5548,7769,40376,65427,64263,62195,61411,58645,58713,59063
735_21,6600,6314,6317,6275,6280,6388,6196,6208,6262,6256,6257,6205,6161,6223,6320,6193,6282,6143,6278,6223,6262,6095,6125,6100,6201,6228,6210,6138,6144,6189,6168,6127,6092,6146,6146,6126,6142,6102,6079,6117,6145,6108,6157,6116,6174,6218,6039,5339,5300,5260,5387,5230,5233,5302,5293,5285,5463,5332,5303,5350,5296,5336,5404,5450,5309
pos_31,7580,7691,7789,7774,7775,7860,8442,8883,9551,10702,12405,47348,101788,101673,99624,101347,100349,99420,98074,96922,94964,93462,92000,89212,87852,86384,84182,82197,79817,77902,75487,72571,71183,69815,68267,67033,65934,64053,62649,61722,60939,59999,59046,59030,57631,57394,56925,43855,44692,43451,41896,41764,41078,41976,40436,40575,40127,40003,39366,39711,39316,39284,38848,38544,37933
SDS_31,5532,5445,5506,5444,5486,5444,5479,5430,5402,5414,5400,5400,5453,5424,5392,5406,5414,5468,5352,5441,5392,5416,5453,5383,5475,5438,5331,5434,5354,5364,5397,5434,5333,5351,5468,5362,5350,5376,5451,5358,5325,5402,5227,5381,5333,5376,5330,4963,4878,4913,4852,4801,4889,4880,4829,4968,4790,4860,4811,4898,4951,4971,4850,4801,4873
166_31,7347,7316,7169,7291,7273,7288,7264,7258,7349,7102,7238,7272,7277,7444,7231,7387,7428,7450,7464,7556,7535,7611,7869,9430,14158,51899,64704,63096,59457,56443,54242,53456,51060,51081,49369,49917,49147,48720,48434,48542,48672,49065,49355,49639,48794,49363,49069,37584,37647,37236,36699,36971,36197,36760,36352,36493,36102,35008,35646,34664,34220,33838,34004,33768,33031
250_31,6732,6596,6502,6501,6522,6312,6385,6382,6230,6306,6255,6278,6223,6293,6197,6191,6216,6232,6268,6189,6180,6163,6133,6246,6115,6070,6127,6153,6015,6115,6095,5908,6054,6131,6012,6062,6030,6041,6001,5966,5951,5977,6003,5990,6076,5954,5886,5254,5271,5288,5116,5164,5184,5184,5131,5124,5125,5200,5317,5365,5605,5834,6280,6436,6431
333_31,7241,7061,7126,7055,7037,7096,7058,6952,6938,6918,6993,6903,6971,6993,6851,6841,6969,6992,6981,6874,6954,6860,6874,6733,6785,6883,6926,6811,6865,6661,6714,6733,6767,6686,6615,6666,6754,6738,6766,6674,6681,6673,6573,6712,6764,6791,6888,5842,6425,14224,41280,43161,39120,38072,35498,34151,33352,31986,29816,28046,26963,25839,25046,24309,23175
353_31,6720,6623,6558,6472,6518,6442,6522,6422,6449,6375,6382,6458,6437,6461,6433,6466,6368,6332,6427,6358,6380,6280,6373,6345,6360,6341,6340,6348,6356,6228,6337,6210,6318,6234,6247,6293,6297,6204,6278,6276,6220,6332,6215,6290,6213,6266,6180,5416,5257,5281,5260,5217,5166,5164,5471,5537,5546,5789,6855,9910,28306,25634,23653,20734,19333
360_31,6872,6796,6551,6719,6687,6516,6648,6512,6613,6677,6428,6572,6521,6522,6524,6573,6426,6403,6478,6440,6531,6236,6370,6409,6404,6451,6404,6328,6807,6493,6817,7009,7017,6864,6863,6723,7003,7075,6879,7524,7960,9534,10422,12789,17540,177011,222315,164836,148039,145231,138236,138137,133794,129152,128346,123624,126839,124538,123712,123130,115533,119126,115872,116429,113796
363_31,6679,6432,6473,6504,6443,6380,6405,6414,6383,6474,6300,6464,6368,6332,6349,6387,6235,6212,6317,6341,6213,6305,6234,6149,6140,6267,6275,6112,6149,6071,6104,6072,6032,6095,6177,6131,6106,6118,6055,6096,6012,6080,6024,6086,6098,6006,6043,5351,5116,5104,5125,5175,5046,5172,5197,5174,5092,5194,5057,5078,5180,5065,5034,5213,5072
376_31,7367,7272,7339,7320,7159,7319,7373,7471,7357,7345,7368,7453,7402,7422,7454,7341,7327,7404,7498,7602,7789,8126,8636,10030,25392,67355,67889,63915,59293,55709,52159,49862,48379,47061,45535,45482,44061,43440,43582,42899,42783,42874,42580,42775,42606,42952,42556,32912,32882,31890,31942,31211,31461,31306,31012,30988,31211,30896,30130,29859,30196,29149,29065,28794,28304
384_31,7246,7130,7204,7011,7099,7004,7110,7073,7012,7060,6901,6988,6943,7133,6965,6949,6959,7031,7001,6920,6909,6965,6954,6906,6893,6954,6932,6887,6871,6859,6838,6760,6863,6911,6910,6830,6714,6796,6759,6690,6976,6801,6835,6905,6832,6861,6871,5820,5745,5763,5918,9949,47222,43164,43400,40668,38592,36908,33686,31891,30501,28308,27643,27172,25616
508_31,6198,6165,5991,5974,5939,6021,5960,5964,5960,5817,5884,5851,5861,5858,5843,5837,5931,5928,5803,5775,5789,5753,5830,5777,5787,5890,5872,5814,5888,5880,5841,5806,5953,5820,5816,5865,5810,5792,5791,5796,5768,5794,5751,5801,5794,5816,5701,5121,5138,5040,5088,5045,5006,5036,4937,5048,5078,5049,5148,5079,5007,4978,5003,5045,5013
735_31,6538,6277,6327,6210,6071,6080,6153,6032,6107,6104,6105,6062,6155,6077,6083,6085,5995,6075,5946,6000,6032,6054,6036,6058,6080,5983,6051,5894,5994,5948,6016,5996,6112,5859,5930,5935,5946,5858,6004,5885,5989,6099,5993,6046,6110,5958,6036,5219,5235,5237,5205,5165,5177,5211,5126,5111,5110,5077,5049,5074,5170,5117,5085,4981,5083
pos_41,7538,7524,7540,7537,7552,7469,7576,7683,7591,7590,7488,7552,7607,8304,9457,14644,58562,71923,73960,74968,74553,74784,74383,72992,73472,72991,71669,69986,68618,66572,65095,62966,61791,60215,58752,57773,56172,54571,53672,51817,51240,50039,48801,48051,46968,46534,46603,34481,33823,33341,33012,32680,32307,32701,31785,31462,31159,31073,30944,30847,30526,30673,30263,30193,30285
SDS_41,5358,5293,5318,5353,5293,5337,5251,5309,5230,5206,5251,5318,5276,5246,5223,5196,5289,5329,5204,5249,5149,5236,5315,5188,5178,5212,5187,5324,5205,5199,5219,5173,5217,5242,5272,5215,5226,5225,5113,5133,5145,5182,5230,5112,5226,5196,5167,4824,4782,4763,4815,4867,4733,4845,4759,4709,4763,4688,4628,4732,4713,4750,4733,4762,4763
166_41,7201,7137,7107,7101,7114,7146,7031,7111,7101,7090,7098,7107,7151,7076,7116,7050,7022,6981,7048,6937,6766,6960,6926,6904,6965,6859,6788,6940,6870,6749,6763,6631,6836,6774,6622,6779,6740,6677,6822,6599,6841,6700,6660,6713,6685,6682,6771,5485,5623,5547,5441,5418,5420,5434,5414,5310,5354,5306,5317,5299,5341,5372,5533,6499,9578
250_41,6672,6544,6323,6307,6388,6296,6323,6344,6244,6225,6281,6136,6142,6245,6207,6123,6129,6201,6187,6087,6108,6032,6181,6158,6082,6141,6056,6185,6024,6110,6142,6097,6142,5957,5969,6075,5930,5820,6097,6015,5976,5888,6100,5921,5942,5892,5936,5302,5231,5258,5183,5247,5071,5175,5079,5104,5065,5159,5170,5076,4959,5061,5120,4975,5018
333_41,7208,7132,7036,7112,6965,7021,7136,7050,7061,7023,6962,6978,6924,6958,6907,6980,6910,7020,7109,7556,7929,8258,8709,8854,9507,10014,10362,12628,41353,60252,57681,56258,54427,51355,49661,48454,46695,44904,43728,42621,41783,41313,40591,40083,39788,40082,39348,30039,29764,28969,28521,28644,28009,27926,28028,28583,27437,26916,26608,26663,26670,26710,25673,25779,25476
353_41,6988,6758,6720,6612,6648,6666,6590,6585,6557,6593,6553,6573,6578,6464,6469,6453,6482,6468,6446,6347,6416,6452,6532,6366,6511,6399,6376,6473,6389,6448,6344,6348,6332,6404,6218,6353,6354,6193,6396,6280,6296,6310,6175,6261,6164,6375,6256,5318,5403,5295,5206,5386,5298,5251,5311,5279,5219,5193,5250,5108,5201,5203,5180,5153,5222
360_41,6877,6600,6484,6446,6464,6472,6471,6532,6459,6401,6375,6482,6328,6413,6434,6581,6570,6356,6484,6446,6419,6342,6507,6497,6254,6335,6349,6480,6356,6382,6515,6426,6516,6655,6874,7030,7110,6946,7232,7580,8718,9752,11082,15676,53904,50560,47469,33656,32256,31664,31181,31032,30439,30226,30308,29871,29930,29867,29489,28952,28851,28568,28260,28156,27730
363_41,6741,6484,6460,6358,6205,6299,6401,6163,6218,6170,6128,6371,6250,6172,6250,6169,6260,6150,6212,6129,6201,6093,6191,6034,6130,6204,6016,6021,5989,6025,5925,5989,6097,6033,6015,6113,6100,6031,6116,6047,6010,6057,6030,6132,6031,5895,6040,5198,5193,5206,5186,5130,5086,5195,5081,5075,5069,5103,5037,5038,5047,5077,5023,5125,5119
376_41,7151,7163,7029,7102,7063,7012,7032,7059,7038,7129,7047,7053,7025,7057,7144,7077,7024,7073,7111,6900,7212,7030,6915,7037,7101,7195,7164,7281,7618,8109,9562,13354,42830,61135,57215,54501,51190,48342,45843,44883,43969,42377,41124,40718,41099,40065,39243,30675,29704,29357,29485,29102,29456,28806,29151,29101,28714,29137,28297,27971,27631,27662,26866,26804,26827
384_41,7188,7203,7058,7111,7236,7009,7250,7104,6980,6966,7058,6985,7015,7016,6846,6957,6976,6961,6989,7041,6895,6958,6976,6817,7009,6812,6864,6912,6866,6886,6861,6827,6840,6873,6886,6862,6917,6808,6767,6718,6749,6721,6640,6868,6688,6744,6752,5751,5599,5596,5554,5600,5747,8989,43660,42293,40959,37190,35557,33732,31992,30429,28857,27615,26354
508_41,6324,6260,6120,6190,6046,5892,5944,5883,5960,5999,5952,5962,6014,5946,6016,5900,6023,5896,5895,5973,5929,5833,5672,5890,5818,5884,5856,5855,5820,5854,5792,5804,5856,5838,5914,5919,5833,5870,5913,5869,5778,5726,5801,5818,5825,5832,5876,5186,5102,5256,5101,5094,5104,5145,5093,5039,5089,5060,5144,5067,5183,4990,5062,5124,5053
735_41,6399,6193,6096,6001,6153,6014,6090,6087,6042,6060,6072,6114,6042,6045,6123,6002,6069,6029,5991,5969,5900,5949,5973,5967,5987,5978,5973,5981,5947,6025,5857,5971,5978,5947,5816,5909,5888,5920,5841,5959,5893,5862,5876,5867,5846,5854,5831,5206,5030,5107,5156,5124,5047,5039,5081,5104,5057,5028,4953,5029,5039,5005,4983,5011,5050
neg_11,7948,8115,8357,8391,8550,8520,8605,9048,9008,9092,9278,9171,8967,9141,9233,9117,9099,9354,9083,9054,9113,8987,9236,9046,9082,9034,9049,9161,9047,8973,9066,9099,9001,8976,8715,9132,8844,8884,8926,8889,8788,8777,8961,8733,8760,8940,8716,6612,6572,6464,6471,6385,6372,6368,6368,6327,6336,6240,6282,6305,6284,6227,6235,6216,6143
blank_11,6231,6301,6233,6259,6176,6195,6164,6289,6318,6309,6228,6278,6176,6248,6161,6287,6333,6208,6144,6087,6293,6125,6165,6231,6114,6145,6096,6210,6227,6067,6125,6099,6208,6179,6117,6085,6022,6068,6114,6143,6165,6107,6126,6129,6064,6085,6103,5280,5326,5314,5357,5193,5304,5285,5393,5305,5365,5250,5222,5442,5332,5363,5292,5171,5316
826_11,7642,7592,7711,7604,7663,7643,7575,7668,7656,7755,7734,7734,7836,7765,7883,7782,7967,7867,7777,7813,7779,7740,7772,7925,7841,7850,7874,7655,7853,7701,7821,7939,8018,7833,7822,7964,7735,7890,7854,7829,7778,7745,7663,7825,7706,7965,7662,6111,6095,5934,6013,5957,5958,5884,5820,5809,5852,5766,5716,5834,5790,5714,5789,5629,5666
827_11,7778,7822,7636,7795,7839,7754,7824,7773,7836,7800,7800,7680,7822,7714,7717,7679,7748,7696,7680,7797,7701,7728,7853,7786,7855,7736,7686,7694,7728,7784,7662,7684,7592,7817,7594,7535,7663,7617,7628,7586,7569,7640,7458,7649,7672,7583,7460,6134,6024,5867,5918,5947,5996,5951,5794,5840,5828,5911,5866,5812,5833,6000,5728,5807,5842
828_11,7337,7364,7326,7224,7322,7162,7202,7335,7239,7303,7188,7199,7171,7261,7134,7185,7166,7129,7193,7051,6970,7053,7040,7029,7086,7034,6921,6976,7009,6928,6972,6965,6961,6973,6878,6909,7000,6975,6981,7053,6924,6817,6932,6993,6741,6893,6874,5720,5690,5581,5591,5548,5632,5556,5646,5592,5525,5464,5559,5560,5439,5501,5551,5498,5488
829_11,7468,7262,7459,7463,7548,7545,7505,7482,7477,7575,7363,7637,7717,7645,7595,7547,7585,7653,7666,7588,7618,7523,7532,7507,7484,7480,7531,7380,7624,7585,7508,7600,7634,7841,7690,7831,7769,7809,7797,7695,7793,7718,7796,7864,7475,7710,7777,6286,6053,5930,6048,5848,5875,5861,5874,5828,5898,5803,5850,5861,5844,5779,5849,5780,5582
830_11,7757,7563,7576,7627,7606,7738,7683,7560,7590,7623,7582,7563,7521,7481,7565,7527,7569,7518,7557,7396,7570,7416,7470,7418,7258,7442,7459,7397,7299,7318,7384,7280,7212,7269,7205,7305,7260,7210,7188,7206,7255,7180,7071,7017,7198,7055,7155,5904,5852,5715,5774,5848,5785,5899,5827,5788,5729,5722,5693,5670,5741,5672,5675,5670,5593
831_11,7300,7102,7170,7157,7231,7225,7165,7196,7212,7064,7098,7094,7083,7120,7212,7131,7021,7208,7065,7142,7103,7003,7057,6976,6878,6976,6961,7063,7007,7020,6947,6936,7098,6972,6780,6883,7026,6934,6832,6780,6964,6871,7009,6760,6878,6760,6812,5665,5542,5544,5527,5477,5437,5391,5453,5496,5313,5415,5347,5395,5469,5175,5450,5337,5293
832_11,7358,7417,7382,7403,7432,7214,7308,7298,7232,7392,7306,7218,7197,7266,7213,7162,7232,7222,7181,7260,7198,7113,7341,7100,6969,7098,6977,7197,7075,7022,7034,7053,7026,7050,6967,7044,6915,6891,6851,6898,6989,6943,6910,6998,6931,6933,7026,5836,5694,5585,5680,5598,5561,5536,5663,5711,5549,5533,5680,5477,5477,5547,5498,5386,5472
833_11,7595,7620,7504,7632,7557,7594,7691,7552,7537,7461,7514,7508,7490,7560,7552,7529,7425,7659,7675,7586,7528,7525,7672,7544,7543,7607,7431,7543,7442,7464,7363,7370,7507,7564,7516,7341,7532,7497,7383,7431,7406,7426,7379,7543,7430,7426,7327,5927,5767,5800,5851,5761,5794,5719,5674,5746,5770,5687,5630,5530,5634,5579,5507,5660,5587
834_11,7726,7677,7623,7839,7835,7906,7915,7903,7876,7861,8026,7996,8050,8098,7973,7944,7959,7888,7998,8126,8138,8057,7988,7913,7791,7805,7886,7928,8013,7865,7929,7907,7938,8002,7892,7863,7863,7821,7817,7671,7793,7785,7681,7800,7827,8013,7869,6269,6128,6166,6096,5995,5962,6156,6057,5933,6034,6018,5963,6001,5952,5806,5855,5818,5731
835_11,6923,6672,6761,6620,6605,6616,6785,6640,6624,6697,6683,6726,6666,6545,6613,6557,6560,6579,6726,6613,6574,6620,6533,6573,6554,6671,6602,6564,6547,6542,6559,6542,6676,6642,6579,6513,6537,6526,6533,6646,6564,6568,6618,6557,6509,6637,6680,5631,5403,5499,5516,5464,5443,5574,5511,5552,5584,5534,5500,5537,5515,5487,5474,5476,5582
neg_21,7598,7789,7827,7797,7620,7797,7637,7757,7782,7732,7784,7850,7918,7864,7804,7744,7785,7763,7818,7672,7667,7752,7856,7715,7875,7845,7794,7930,7724,7793,7820,7730,7694,7860,7650,7677,7666,7700,7649,7680,7572,7662,7541,7722,7542,7550,7628,6013,5972,5902,5890,5893,5935,5916,5955,5830,5824,5778,5750,5777,5876,5700,5793,5792,5790
blank_21,6010,5860,5864,5837,5775,5844,5864,5833,5960,5766,5944,5761,5874,5854,5737,5779,5819,5837,5804,5833,5863,5811,5825,5653,5742,5653,5880,5802,5779,5776,5632,5744,5776,5795,5691,5700,5866,5683,5790,5698,5749,5757,5740,5684,5665,5698,5650,5008,5077,5049,5053,5168,5063,5062,5061,4981,5023,4993,5061,5059,5031,4949,5028,5051,5017
826_21,7567,7643,7500,7642,7485,7623,7489,7470,7581,7641,7605,7582,7447,7521,7469,7611,7571,7541,7499,7461,7456,7562,7593,7451,7578,7462,7538,7455,7486,7535,7599,7483,7322,7472,7358,7621,7316,7336,7430,7408,7467,7492,7324,7331,7429,7359,7339,5957,5842,5814,5811,5879,5785,5710,5671,5787,5698,5502,5549,5591,5659,5737,5475,5473,5427
827_21,7662,7616,7660,7481,7595,7424,7461,7552,7604,7567,7652,7534,7581,7497,7500,7466,7485,7506,7359,7396,7462,7249,7400,7347,7358,7298,7296,7314,7183,7299,7119,7175,7232,7168,7127,7241,7120,7213,7195,7167,7305,7063,6964,7183,7135,7131,7021,5905,5726,5792,5717,5842,5648,5658,5749,5625,5635,5618,5629,5575,5588,5729,5635,5603,5532
828_21,7864,7862,7938,7718,7816,7854,7713,7948,7888,7814,7776,7875,7968,7857,7756,7874,7799,7821,7876,7693,7756,7768,7822,7689,7781,7647,7785,7727,7706,7663,7740,7641,7688,7579,7571,7432,7748,7637,7544,7645,7485,7450,7491,7564,7502,7488,7531,6164,5974,5978,5958,5974,5977,5927,5943,5910,5903,5851,5950,5819,5791,5881,5812,5820,5856
829_21,7372,7292,7196,7126,7080,7174,7194,7285,7268,7226,7057,7353,7218,7158,7135,7073,7131,7112,7101,7106,7119,7158,7092,7104,7103,7093,7010,7272,7172,7076,7028,6996,7127,7053,6984,7077,7259,7110,7061,6960,7054,7010,7069,7093,7076,7064,7149,5789,5801,5741,5703,5813,5663,5626,5761,5632,5581,5671,5592,5787,5634,5684,5641,5682,5644
830_21,7843,7862,7774,7780,7838,7908,7910,7708,7836,7945,7739,7882,7772,7873,7813,7784,7796,7869,7970,7803,7846,7744,7828,7951,7844,7868,7873,7860,7933,7746,7832,7872,7889,7747,7772,8007,7708,7851,7687,7728,7633,7706,7686,7540,7669,7710,7624,6133,6192,5976,6047,6096,6007,5859,5998,5941,6038,5972,5969,5908,5751,5773,5755,5867,5721
831_21,7508,7462,7459,7572,7484,7526,7606,7454,7600,7451,7488,7578,7492,7538,7531,7400,7439,7458,7478,7397,7401,7345,7457,7525,7425,7427,7275,7418,7476,7274,7268,7346,7310,7272,7337,7305,7214,7311,7255,7235,7272,7211,7187,7115,7214,7134,7276,6058,5757,5872,5859,5868,5777,5778,5765,5701,5721,5669,5675,5643,5663,5689,5690,5687,5646
832_21,7552,7389,7372,7329,7479,7496,7475,7417,7488,7470,7333,7524,7326,7394,7489,7408,7293,7307,7376,7289,7268,7204,7341,7376,7244,7161,7269,7306,7363,7207,7245,7391,7322,7155,7148,7178,7199,7170,7159,7160,7118,7176,7175,7180,7183,6980,7133,5844,5803,5787,5740,5667,5713,5674,5649,5564,5577,5563,5629,5639,5619,5548,5597,5574,5557
833_21,7626,7538,7585,7591,7502,7551,7660,7456,7518,7550,7620,7584,7521,7606,7664,7723,7649,7723,7801,7704,7585,7592,7544,7584,7800,7782,7613,7752,7656,7656,7663,7741,7607,7609,7473,7474,7569,7503,7589,7507,7441,7368,7386,7462,7457,7512,7508,5993,6021,5971,5908,5932,5882,5868,5926,5912,5759,5902,5711,5731,5627,5729,5609,5492,5643
834_21,7758,7818,7867,7998,8220,8137,8093,8150,8144,8369,8306,8744,8654,8752,8825,8711,8725,8634,8512,8697,8640,8669,8620,8510,8680,8458,8433,8647,8644,8578,8651,8719,8650,8497,8508,8616,8436,8360,8372,8652,8336,8433,8537,8332,8446,8328,8277,6507,6428,6443,6234,6263,6228,6165,6215,6173,6143,6117,6131,6152,6211,6154,6021,6025,6060
835_21,6736,6828,6775,6687,6643,6724,6722,6701,6620,6596,6702,6620,6602,6676,6584,6701,6769,6712,6696,6618,6716,6692,6672,6671,6668,6583,6684,6653,6670,6776,6632,6760,6664,6715,6696,6769,6557,6616,6673,6612,6659,6644,6642,6651,6676,6599,6569,5574,5593,5480,5506,5515,5429,5463,5414,5475,5528,5429,5586,5509,5572,5586,5504,5609,5778
neg_31,7524,7400,7660,7530,7554,7581,7544,7586,7581,7488,7696,7611,7650,7529,7532,7653,7604,7565,7612,7628,7494,7638,7536,7676,7599,7596,7594,7760,7534,7591,7601,7633,7491,7522,7566,7527,7573,7471,7544,7587,7511,7310,7449,7542,7554,7633,7423,6027,5910,5971,5855,5788,5818,5850,5844,5834,5674,5700,5728,5832,5759,5628,5584,5593,5622
blank_31,5852,5641,5820,5723,5778,5823,5827,5900,5884,5748,5897,5816,5899,5852,5875,5834,5850,5874,5775,5837,5809,5730,5729,5708,5751,5867,5813,5833,5836,5770,5668,5814,5721,5793,5668,5792,5856,5735,5768,5799,5704,5634,5741,5661,5598,5737,5696,5028,5059,5070,4987,4996,5065,5027,5037,4880,5011,5082,5011,5051,5032,4980,5068,5066,5131
826_31,7680,7569,7560,7616,7527,7534,7369,7531,7616,7533,7482,7553,7499,7532,7488,7588,7551,7482,7533,7376,7463,7381,7532,7340,7450,7379,7370,7437,7468,7318,7331,7394,7187,7298,7316,7332,7531,7526,7525,7470,7487,7149,7300,7363,7277,7392,7260,5974,5889,5774,5734,5802,5845,5674,5660,5547,5801,5673,5570,5705,5599,5553,5508,5549,5604
827_31,7704,7803,7698,7630,7681,7673,7738,7670,7663,7681,7623,7628,7773,7572,7698,7722,7668,7697,7541,7719,7699,7532,7545,7536,7599,7559,7529,7497,7488,7457,7491,7387,7493,7462,7421,7563,7480,7416,7369,7330,7426,7413,7324,7402,7373,7376,7237,6020,5793,5889,5904,5844,5628,5721,5761,5617,5741,5711,5598,5632,5758,5744,5626,5676,5529
828_31,7738,7678,7827,7680,7772,7750,7810,7920,7713,7708,7733,7725,7775,7718,7803,7741,7732,7642,7661,7676,7767,7704,7725,7746,7655,7711,7599,7692,7690,7668,7809,7496,7666,7589,7538,7584,7605,7556,7533,7523,7490,7355,7390,7521,7620,7596,7560,6073,5989,6007,5974,5991,5919,5834,5938,5935,5840,5931,5802,5823,5689,5710,5755,5697,5706
829_31,7283,7080,7035,7120,7074,7172,7201,7112,6963,6974,7148,7130,6988,6965,7117,7036,6959,7035,7067,6978,7013,6969,7067,6979,7069,6996,7046,6930,6871,6975,6908,6979,6946,6885,6967,6924,6975,7030,7125,6986,7100,7104,7112,7135,7182,7021,6853,5823,5737,5536,5646,5656,5616,5586,5620,5548,5515,5516,5465,5568,5468,5450,5455,5453,5392
830_31,7636,7771,7660,7616,7634,7655,7639,7589,7580,7588,7688,7724,7477,7707,7532,7563,7483,7686,7649,7578,7593,7386,7452,7522,7364,7508,7391,7482,7444,7376,7408,7301,7371,7348,7341,7297,7331,7263,7235,7349,7278,7230,7267,7205,7169,7200,7121,5889,5838,5856,5732,5822,5800,5574,5751,5639,5663,5630,5620,5563,5552,5558,5689,5553,5573
831_31,7334,7253,7273,7363,7336,7226,7333,7182,7198,7243,7315,7293,7198,7099,7333,7252,7218,7047,7312,7001,7209,6992,7113,7076,7087,7045,7074,7189,7082,7187,7067,7105,7103,6952,6997,7161,7021,7103,7053,7070,6986,6991,7151,6950,7012,7075,7231,5833,5730,5802,5652,5723,5700,5613,5571,5652,5489,5578,5586,5520,5514,5550,5454,5517,5416
832_31,7614,7481,7280,7324,7487,7347,7451,7436,7442,7405,7319,7437,7350,7361,7165,7266,7211,7292,7290,7325,7245,7273,7349,7198,7152,7120,7104,7126,7253,7248,7118,7215,7122,7152,7166,7074,6958,7073,7012,6985,6967,7036,7009,7056,6961,7003,6963,5868,5651,5633,5580,5655,5625,5548,5493,5603,5502,5532,5503,5464,5521,5411,5494,5411,5501
833_31,7436,7483,7579,7537,7562,7531,7614,7487,7615,7502,7492,7606,7546,7468,7463,7345,7497,7509,7468,7482,7500,7304,7363,7363,7258,7294,7300,7319,7188,7339,7248,7335,7273,7218,7182,7147,7164,7127,7272,7080,7058,7088,7187,7138,7135,7066,7085,5867,5785,5677,5686,5601,5624,5559,5658,5594,5596,5580,5661,5529,5615,5530,5438,5525,5449
834_31,8021,7741,7896,7928,7909,7841,7919,7821,7929,8044,8106,8022,7885,7896,7953,7781,7909,7900,7912,7945,7940,8038,8142,8112,8195,8014,8216,8085,8055,8200,7991,7998,8056,7895,7853,7901,7859,7794,7848,8051,7810,7806,8056,7923,7937,7770,7837,6276,6037,6028,6058,6075,5853,5912,5716,5831,5809,5868,5862,5659,5562,5792,5716,5667,5743
835_31,6823,6704,6743,7052,6924,6718,6892,6662,6742,6710,6821,6703,6568,6598,6770,6504,6606,6764,6777,6647,6772,6723,6607,6746,6654,6808,6718,6824,6746,6730,6747,6717,6743,6972,6727,6946,6748,6655,6798,6664,6747,6811,6858,6793,6880,6880,6792,5738,5501,5723,5572,5502,5648,5584,5337,5500,5506,5478,5419,5410,5525,5414,5416,5452,5467
neg_41,7582,7867,7894,7848,7893,7908,7924,7999,7825,7892,7852,7826,7851,7797,7878,7769,7790,7732,7636,7778,7765,7549,7706,7642,7717,7620,7646,7712,7510,7507,7665,7420,7455,7539,7444,7465,7450,7443,7535,7379,7339,7254,7364,7389,7358,7337,7281,5800,5709,5703,5602,5708,5720,5630,5472,5468,5452,5536,5453,5531,5454,5414,5366,5273,5268
blank_41,5620,5615,5496,5513,5550,5544,5607,5549,5516,5593,5649,5493,5462,5531,5587,5501,5506,5585,5477,5516,5405,5453,5522,5528,5534,5442,5517,5541,5576,5571,5383,5368,5434,5313,5393,5416,5474,5452,5454,5367,5355,5389,5399,5383,5375,5443,5356,4853,4870,4744,4781,4852,4744,4816,4707,4777,4705,4748,4865,4688,4667,4691,4661,4744,4655
826_41,7420,7596,7598,7533,7566,7527,7564,7504,7555,7515,7598,7495,7532,7464,7439,7372,7504,7492,7350,7357,7301,7311,7321,7357,7376,7235,7361,7399,7302,7236,7488,7079,7228,7138,7147,7143,7130,7170,7155,7192,7144,7084,7102,7029,6960,6984,6977,5749,5723,5689,5621,5666,5640,5557,5634,5528,5478,5420,5504,5537,5434,5479,5465,5479,5420
827_41,7639,7637,7678,7563,7629,7612,7532,7697,7592,7649,7744,7557,7717,7721,7591,7603,7501,7559,7504,7575,7521,7604,7578,7496,7508,7454,7392,7455,7447,7479,7382,7282,7268,7373,7346,7387,7322,7385,7170,7342,7269,7293,7316,7310,7210,7120,7269,5924,5812,5778,5685,5815,5599,5567,5639,5595,5698,5537,5626,5641,5549,5584,5559,5521,5612
828_41,7503,7448,7423,7366,7380,7430,7408,7382,7509,7514,7602,7468,7549,7462,7432,7382,7399,7400,7429,7437,7329,7377,7265,7400,7258,7336,7379,7394,7415,7286,7346,7380,7387,7326,7432,7459,7446,7395,7469,7437,7443,7587,7431,7448,7364,7459,7308,6043,5826,5837,5728,5630,5744,5671,5655,5692,5500,5673,5501,5344,5645,5552,5538,5523,5504
829_41,7024,6944,6880,6808,6808,6818,6770,6827,6915,6910,6889,7014,6817,6816,6827,6856,6744,6794,6872,6715,6824,6772,6855,6662,6740,6812,6755,6561,6644,6674,6666,6606,6648,6746,6560,6584,6787,6742,6575,6542,6541,6420,6584,6523,6485,6486,6533,5532,5479,5490,5422,5477,5380,5392,5372,5477,5270,5281,5278,5360,5397,5306,5395,5312,5353
830_41,7897,7811,7769,7943,7990,8089,7922,7859,8003,7949,7872,7782,7936,8014,8070,7948,7927,8035,8035,7809,7881,7835,7813,7792,7916,7666,7785,7798,7739,7796,7759,7760,7603,7656,7600,7688,7641,7636,7593,7647,7677,7691,7665,7630,7661,7490,7624,6206,6155,6140,6056,6046,6108,5900,5956,5884,5812,5863,5989,5840,5794,5744,5714,5730,5584
831_41,7590,7549,7723,7606,7757,7771,7662,7758,7804,7662,7780,7626,7794,7784,7879,7804,7832,7945,8145,7898,7977,7923,7883,7830,7868,7866,7874,7878,7809,7845,7685,7870,7814,7643,7746,7741,7788,7726,7618,7772,7588,7706,7636,7662,7647,7666,7760,6317,6309,6310,6287,6166,6122,6117,6199,6150,6115,6054,6027,6046,6090,5991,6006,6008,6008
832_41,7454,7457,7526,7455,7579,7614,7588,7612,7635,7633,7694,7640,7596,7629,7623,7541,7604,7600,7447,7543,7586,7446,7558,7572,7570,7380,7419,7361,7368,7500,7268,7327,7322,7287,7242,7284,7307,7264,7270,7204,7242,7309,7300,7331,7236,7172,7320,5917,5769,5785,5703,5785,5662,5635,5653,5593,5684,5476,5508,5560,5602,5472,5569,5564,5501
833_41,7527,7589,7710,7662,7635,7653,7715,7775,7775,7711,7640,7833,7721,7671,7647,7614,7420,7565,7484,7443,7540,7653,7610,7612,7545,7462,7496,7604,7533,7346,7479,7443,7421,7336,7314,7272,7218,7325,7328,7257,7264,7288,7363,7240,7314,7280,7267,5819,5871,5789,5748,5748,5612,5648,5679,5522,5633,5509,5520,5466,5585,5495,5530,5473,5556
834_41,7648,7811,7811,7782,7763,7835,7885,8045,7901,7959,7882,7936,7946,8033,8168,8123,8169,7907,8071,8035,7990,8154,7944,7961,7788,7874,7856,7930,7982,7975,8055,8068,8031,7948,7971,7967,7962,7901,7938,7936,7926,7785,7941,7807,7864,7662,7815,6124,6150,5886,5985,5903,5929,5872,5774,5829,5890,5681,5788,5586,5731,5672,5643,5609,5591
835_41,6959,6756,6676,6726,6670,6689,6794,6653,6728,6717,6768,6567,6701,6640,6690,6760,6713,6786,6756,6773,6791,6764,6729,6702,6679,6769,6683,6581,6726,6630,6656,6747,6773,6786,6709,6800,6871,6740,6922,6903,6928,6870,6986,7042,7067,7052,7045,5781,5633,5691,5483,5559,5487,5484,5396,5592,5458,5418,5459,5420,5498,5449,5408,5453,5377
